objid,mjd,magpsf,sigmapsf,fid
P_000,59002.48032019188,16.82485027977973,0.03,1
P_000,59003.56335889978,16.835784732799375,0.03,2
P_000,59005.61146212349,16.773035759594105,0.03,2
P_000,59007.33973556272,16.766776513482892,0.03,2
P_000,59010.42790512237,16.832124392483507,0.03,2
P_000,59012.06375275224,16.798807684997165,0.03,1
P_000,59012.974365144764,16.833920446427665,0.03,1
P_000,59013.31298322065,16.860121141965074,0.03,1
P_000,59014.458680789765,16.739705797523605,0.03,2
P_000,59017.21915334515,16.834864571667033,0.03,1
P_000,59017.24546331181,16.88337751421794,0.03,1
P_000,59018.31097166085,16.80726882362263,0.03,1
P_000,59023.40877029635,16.781604436679274,0.03,1
P_000,59023.60820063977,16.859757357200134,0.03,1
P_000,59024.920208364085,16.83481749165156,0.03,1
P_000,59025.23678821875,16.86693931938003,0.03,1
P_000,59027.28753463625,16.80488438033859,0.03,1
P_000,59028.064830680945,16.748054252155043,0.03,1
P_000,59029.67585448492,16.81664462760559,0.03,2
P_000,59036.28016878024,16.79985375819059,0.03,1
P_000,59036.82792227322,16.860911356943532,0.03,2
P_000,59038.09938040753,16.83182680826001,0.03,2
P_000,59040.814810053256,16.7406027042194,0.03,1
P_000,59041.34022945969,16.762387011835994,0.03,2
P_000,59042.47187474229,16.866334617670518,0.03,2
P_000,59043.66718769885,16.856133416712044,0.03,2
P_000,59045.854629336936,16.79013299754573,0.03,1
P_000,59045.97999960199,16.82209272601279,0.03,2
P_000,59046.063946223025,16.844423843529963,0.03,2
P_000,59046.44617269931,16.845565382633517,0.03,2
P_000,59047.5730336934,16.86595727564687,0.03,2
P_000,59048.432898189734,16.83496944720223,0.03,2
P_000,59048.71041699927,16.81740374889273,0.03,1
P_000,59049.463431890574,16.80920276260176,0.03,2
P_000,59053.36469162939,16.874932305867816,0.03,2
P_000,59055.17029709477,16.709602452087225,0.03,2
P_000,59056.114077998376,16.815212399586585,0.03,1
P_000,59057.719535222546,16.823795171040356,0.03,2
P_000,59061.495821540295,16.750877717797643,0.03,2
P_000,59065.231094669616,16.838785846498055,0.03,1
P_000,59067.532820536704,16.789581115218983,0.03,1
P_000,59067.772718693195,16.86526740565694,0.03,1
P_000,59067.81617978073,16.815865561639438,0.03,2
P_000,59069.901480290806,16.855602827880627,0.03,1
P_000,59070.83872473993,16.883087346099714,0.03,1
P_000,59070.95858330856,16.841291644976828,0.03,1
P_000,59072.212774502106,16.77835910867001,0.03,2
P_000,59073.766404720736,16.74642923425592,0.03,2
P_000,59074.49323344384,16.909814371716973,0.03,1
P_000,59075.58933689283,16.816580556181776,0.03,2
P_000,59076.73695546326,16.787716918459438,0.03,2
P_000,59076.97042768584,16.829358020244193,0.03,1
P_000,59077.51551465599,16.81257459931702,0.03,2
P_000,59078.88833867749,16.86475227905179,0.03,2
P_000,59082.556793431184,16.82384157496301,0.03,2
P_000,59085.37845024235,16.822832645022075,0.03,2
P_000,59085.541732669335,16.786416179789505,0.03,2
P_000,59086.54914742974,16.84562357077853,0.03,1
P_000,59087.29328718945,16.770451829723402,0.03,1
P_000,59088.26634798211,16.855439637829353,0.03,2
P_001,59001.505053947185,18.84013475977555,0.03,1
P_001,59001.51445562122,18.87378954457981,0.03,1
P_001,59002.38360940136,18.91366788188521,0.03,1
P_001,59006.769000063294,18.85621570140888,0.03,2
P_001,59011.20142992639,18.87662811384307,0.03,1
P_001,59011.48586178465,18.86041174300834,0.03,1
P_001,59016.90422683089,18.88192069758787,0.03,2
P_001,59018.10828806522,18.83006660357467,0.03,1
P_001,59018.835293835604,18.86669433154957,0.03,2
P_001,59020.02561793516,18.878249089094073,0.03,2
P_001,59020.870989061594,18.87190743513948,0.03,1
P_001,59022.6140820354,18.891428233074375,0.03,2
P_001,59023.5932116571,18.87393862436185,0.03,2
P_001,59025.6918705907,18.926254305751655,0.03,1
P_001,59025.88540419764,18.872433939040395,0.03,1
P_001,59026.57108300964,18.881761255514892,0.03,1
P_001,59027.315803393954,18.85535466852989,0.03,2
P_001,59027.8071379168,18.862267993323922,0.03,1
P_001,59032.38082338434,18.825369095788698,0.03,2
P_001,59032.642717135204,18.914532981373583,0.03,1
P_001,59033.46691128831,18.83146783444706,0.03,2
P_001,59034.288338536375,18.851300915420268,0.03,2
P_001,59034.334363937596,18.906555967930245,0.03,2
P_001,59034.89922040904,18.90872240362691,0.03,2
P_001,59035.10670967459,18.868587997779432,0.03,1
P_001,59035.32425984113,18.787630444805245,0.03,1
P_001,59035.60007789472,18.909619399694463,0.03,2
P_001,59036.14726014997,18.90157190827429,0.03,2
P_001,59039.85100010635,18.817974674556098,0.03,2
P_001,59040.2131656561,18.92710983946941,0.03,2
P_001,59042.93666050736,18.853538745308015,0.03,1
P_001,59044.42144039491,18.83228432952202,0.03,2
P_001,59045.34226551751,18.8933802708779,0.03,1
P_001,59046.937260991916,18.879670213759724,0.03,2
P_001,59050.584643108974,18.898724935379242,0.03,2
P_001,59054.16411029827,18.808306332413462,0.03,2
P_001,59054.46229303498,18.979205241143305,0.03,2
P_001,59054.511483379014,18.858460804602498,0.03,1
P_001,59056.27353359736,18.811610769904863,0.03,2
P_001,59056.72859798991,18.91953584475804,0.03,1
P_001,59057.7362230555,18.870853528824625,0.03,1
P_001,59062.426055123266,18.90483665961833,0.03,1
P_001,59065.912475359306,18.871613313798434,0.03,1
P_001,59066.02314149663,18.885606717305688,0.03,2
P_001,59067.339616316895,18.900882377516616,0.03,1
P_001,59068.247527580344,18.85126109113054,0.03,2
P_001,59068.47099061251,18.92253071512266,0.03,2
P_001,59070.44844211335,18.86509873037571,0.03,2
P_001,59071.249058503134,18.845109378121162,0.03,1
P_001,59072.54321367744,18.89244535642081,0.03,1
P_001,59075.71051934231,18.910845799254236,0.03,2
P_001,59076.229853357036,18.877139768248753,0.03,2
P_001,59076.41400696734,18.845467745975707,0.03,1
P_001,59077.51400163083,18.919583013645116,0.03,1
P_001,59081.45023137363,18.800577295723546,0.03,2
P_001,59084.68407688957,18.837050528527907,0.03,1
P_001,59087.44385721022,18.890569879856354,0.03,2
P_001,59087.722353159406,18.82054076541443,0.03,1
P_001,59088.93970110982,18.889993448542143,0.03,1
P_001,59089.912329409155,18.885850579428762,0.03,2
P_002,59000.24724328424,18.429732245577547,0.03,2
P_002,59003.32637282006,18.511285482120904,0.03,2
P_002,59004.187988186735,18.458266476096227,0.03,1
P_002,59004.650654520745,18.516503076823636,0.03,1
P_002,59004.69586318788,18.53306769739845,0.03,1
P_002,59005.028476852865,18.445985983977202,0.03,2
P_002,59005.25802046614,18.480224017602694,0.03,1
P_002,59005.87688394679,18.48473322290043,0.03,1
P_002,59006.156867198755,18.542268732469662,0.03,2
P_002,59007.19482550473,18.51831339614612,0.03,1
P_002,59011.41332735216,18.42182161437711,0.03,2
P_002,59012.40404982638,18.505665904613057,0.03,2
P_002,59015.694551225744,18.520039952046588,0.03,2
P_002,59016.00432052104,18.588975786374018,0.03,1
P_002,59017.70692596391,18.39882803673992,0.03,1
P_002,59019.025860304886,18.45596787658093,0.03,1
P_002,59019.18482087829,18.549454050981996,0.03,2
P_002,59021.91434408253,18.415031976647295,0.03,1
P_002,59022.501650593884,18.422812462381394,0.03,1
P_002,59024.04724260511,18.508639601346644,0.03,1
P_002,59024.46066181726,18.533705924621568,0.03,1
P_002,59025.00635708257,18.449351467208853,0.03,2
P_002,59025.48539509125,18.509791850192233,0.03,1
P_002,59027.331564765016,18.488633255049127,0.03,2
P_002,59032.92591762625,18.558722943278568,0.03,1
P_002,59033.866757013624,18.482709569592192,0.03,2
P_002,59034.7028531507,18.532297857176033,0.03,2
P_002,59035.93619121379,18.437629598611917,0.03,2
P_002,59038.20172261689,18.473541549104528,0.03,1
P_002,59041.22716044375,18.47795026888954,0.03,1
P_002,59043.11301638584,18.53974088895189,0.03,1
P_002,59043.66835661744,18.511766143553654,0.03,1
P_002,59044.460517979576,18.44519783501295,0.03,1
P_002,59044.861362436066,18.516883879761625,0.03,1
P_002,59044.90878070763,18.52131705539901,0.03,1
P_002,59046.36397732306,18.477203205461656,0.03,1
P_002,59046.99980251557,18.469902375826038,0.03,2
P_002,59048.70269479738,18.473095329306503,0.03,2
P_002,59050.16679920818,18.398035871278186,0.03,2
P_002,59050.444679927816,18.49222264198386,0.03,2
P_002,59051.81346443052,18.494514388038994,0.03,2
P_002,59051.872226119696,18.43950906538968,0.03,1
P_002,59052.6469623571,18.519907804071384,0.03,1
P_002,59055.82885000895,18.414137144786448,0.03,2
P_002,59056.07844116497,18.455194850507983,0.03,1
P_002,59056.42531987153,18.45902453812805,0.03,2
P_002,59057.60095024859,18.582160983177076,0.03,2
P_002,59058.39656786108,18.402826288414737,0.03,1
P_002,59067.13535421587,18.510917004337944,0.03,2
P_002,59070.07223313151,18.529891655457078,0.03,2
P_002,59072.49037558678,18.501671769779623,0.03,2
P_002,59072.57140412357,18.5418758887953,0.03,2
P_002,59074.20339295567,18.43264860722131,0.03,2
P_002,59074.81259977718,18.36877256146202,0.03,1
P_002,59074.97852919277,18.521126386026143,0.03,1
P_002,59075.372427961855,18.422994083344076,0.03,1
P_002,59082.14149607472,18.466465497750335,0.03,1
P_002,59085.230555186215,18.423843191706393,0.03,2
P_002,59086.99961558491,18.535402584425107,0.03,1
P_002,59088.5374936346,18.526043003321,0.03,1
P_003,59000.185115875815,16.993799481244277,0.03,2
P_003,59001.78728958433,16.98974216822213,0.03,1
P_003,59001.81538442539,16.973350181148472,0.03,2
P_003,59002.30103890662,16.89498771526322,0.03,2
P_003,59007.56042909991,16.929761341696675,0.03,1
P_003,59007.846941688986,17.04402240909777,0.03,1
P_003,59008.78704195184,16.895828940626934,0.03,2
P_003,59012.19689033666,16.918783912577645,0.03,2
P_003,59014.605860096206,16.952254334457045,0.03,1
P_003,59014.849453515366,17.000816164197936,0.03,1
P_003,59015.11833238622,16.97294862012631,0.03,2
P_003,59018.67298659667,16.997468868560833,0.03,2
P_003,59022.9691194449,16.907001948947467,0.03,2
P_003,59023.76255809919,17.007605490291866,0.03,1
P_003,59023.84208930232,16.988818101425007,0.03,1
P_003,59024.409228402794,16.880638432839884,0.03,2
P_003,59025.90293779071,17.03736247099143,0.03,2
P_003,59025.9878849986,17.074986553604827,0.03,2
P_003,59027.98715787619,16.92193779273873,0.03,1
P_003,59028.12653142309,16.9631493014269,0.03,2
P_003,59028.13849324892,17.030237789751443,0.03,1
P_003,59029.41468890468,16.886304649124707,0.03,2
P_003,59032.31538462587,16.860873644642577,0.03,2
P_003,59032.50668119692,16.89551945448607,0.03,2
P_003,59032.673898637535,16.932013321278262,0.03,2
P_003,59033.33978916345,16.931444549996822,0.03,2
P_003,59033.87654786401,16.990734019288194,0.03,1
P_003,59035.501987648204,16.973793479194217,0.03,2
P_003,59037.732825744184,16.898062797362613,0.03,1
P_003,59037.94432016483,16.98873565910051,0.03,1
P_003,59041.07528751414,17.054070727680127,0.03,1
P_003,59047.880996469605,17.02021937454958,0.03,2
P_003,59049.8352181371,17.009922032980242,0.03,1
P_003,59050.54709603771,16.961375557022134,0.03,1
P_003,59056.40180526606,17.009548230328292,0.03,2
P_003,59060.78116425482,16.912060019597586,0.03,1
P_003,59063.84726323285,16.99791739244622,0.03,1
P_003,59064.27502620815,16.956004239622008,0.03,1
P_003,59064.53192305875,17.016911945490037,0.03,2
P_003,59064.8190600794,16.983667188158957,0.03,2
P_003,59065.08860414909,16.905872671310448,0.03,2
P_003,59067.149080720876,16.96676630826974,0.03,1
P_003,59067.45147436089,17.021277734086656,0.03,1
P_003,59068.14856937768,16.903904966342726,0.03,2
P_003,59068.64894506218,16.932409666686834,0.03,2
P_003,59070.00357546239,16.92193301017668,0.03,1
P_003,59070.26517662601,16.885584363573777,0.03,1
P_003,59071.2620071681,17.008430074359552,0.03,1
P_003,59072.25973046392,17.025916525745366,0.03,1
P_003,59072.470349614785,17.000368820948918,0.03,1
P_003,59078.613224600726,16.97249517636793,0.03,1
P_003,59079.43757251308,16.95776509138034,0.03,1
P_003,59079.94066771671,16.972335675622297,0.03,2
P_003,59080.25168635702,16.92378886474151,0.03,1
P_003,59081.35067542287,17.00505894061865,0.03,2
P_003,59081.525073788725,17.012641276797986,0.03,2
P_003,59083.3367750681,17.00699383729626,0.03,1
P_003,59083.66474061846,16.933819249710126,0.03,2
P_003,59086.660609231476,16.964286877693407,0.03,2
P_003,59086.78031021833,16.9520776196471,0.03,1
P_004,59000.33564260577,18.25592004745804,0.03,2
P_004,59003.385364907335,18.303756872439063,0.03,1
P_004,59007.44894014667,18.37840407016413,0.03,1
P_004,59008.81285050315,18.218816816415405,0.03,1
P_004,59009.21971802421,18.31551682987296,0.03,2
P_004,59009.97386961917,18.22147984575355,0.03,2
P_004,59010.53021502076,18.336699644024073,0.03,2
P_004,59014.25761896768,18.29017279394976,0.03,2
P_004,59014.59932873269,18.223262880090545,0.03,1
P_004,59014.638622847364,18.332582372991848,0.03,1
P_004,59017.961870163985,18.418417531172796,0.03,2
P_004,59018.084853847344,18.332991840162784,0.03,2
P_004,59019.10727955757,18.385636837684295,0.03,2
P_004,59019.57392510106,18.323972043386732,0.03,2
P_004,59019.700535368516,18.21966772208707,0.03,1
P_004,59021.11803088621,18.35207143802638,0.03,1
P_004,59022.649865982334,18.306633298154566,0.03,2
P_004,59025.69824577831,18.254443017111534,0.03,1
P_004,59026.69430606298,18.366789097191333,0.03,1
P_004,59031.284375782,18.34189014176787,0.03,1
P_004,59033.09521605727,18.30127678145927,0.03,2
P_004,59033.16972672797,18.37095073476528,0.03,1
P_004,59033.45768493296,18.283943665105525,0.03,1
P_004,59038.93711046405,18.359718880432183,0.03,1
P_004,59039.260872556944,18.28052424003301,0.03,2
P_004,59040.03777858285,18.35424500158048,0.03,2
P_004,59042.81237486772,18.27250986626771,0.03,2
P_004,59044.75107357915,18.402006673646234,0.03,2
P_004,59045.207025727665,18.34026263849597,0.03,1
P_004,59046.19137995618,18.399191019294832,0.03,2
P_004,59047.15310553872,18.286424964619183,0.03,2
P_004,59047.20487148275,18.3037421448468,0.03,1
P_004,59047.6946551832,18.36953050342092,0.03,2
P_004,59050.623069884015,18.19036140607971,0.03,2
P_004,59052.15532237255,18.274207720762814,0.03,2
P_004,59052.23784712902,18.379206111109262,0.03,2
P_004,59053.08374240778,18.350802729689896,0.03,1
P_004,59053.95210864033,18.376485730616068,0.03,1
P_004,59054.835503890536,18.31205921914094,0.03,2
P_004,59056.85763852254,18.355747232575332,0.03,2
P_004,59058.47595881869,18.291005049984335,0.03,2
P_004,59064.05633160368,18.258949245114056,0.03,2
P_004,59068.39733763978,18.242807514809346,0.03,2
P_004,59071.19070715882,18.299961784943655,0.03,1
P_004,59071.922212190526,18.30010019237395,0.03,1
P_004,59072.632444422234,18.296078393615343,0.03,2
P_004,59073.27066712152,18.15010701494528,0.03,1
P_004,59073.77229645142,18.22761708349335,0.03,2
P_004,59073.98136742903,18.300915639035505,0.03,1
P_004,59075.276499929365,18.341898094875056,0.03,2
P_004,59076.460984825964,18.298607632242824,0.03,2
P_004,59077.040747415005,18.28370240347764,0.03,2
P_004,59077.54213960045,18.212123596837596,0.03,1
P_004,59080.20145586358,18.428622215443973,0.03,1
P_004,59081.526498772844,18.27249169952183,0.03,1
P_004,59082.95091731423,18.41171709538013,0.03,2
P_004,59083.95833295089,18.405581559344853,0.03,1
P_004,59084.155194509425,18.341243716790224,0.03,2
P_004,59088.03000689304,18.298916793242043,0.03,1
P_004,59089.870300158655,18.33415804005429,0.03,1
P_005,59000.658232508365,16.234283635765784,0.03,1
P_005,59000.87404714713,16.36730540139363,0.03,1
P_005,59000.8806391365,16.34031691474259,0.03,1
P_005,59002.13712142802,16.32801926170461,0.03,2
P_005,59004.8098462835,16.270430941528776,0.03,2
P_005,59005.6246185859,16.3498825394936,0.03,2
P_005,59006.41103305513,16.409410553326694,0.03,2
P_005,59006.95914338442,16.259251875251536,0.03,2
P_005,59009.80869969229,16.321207130619108,0.03,2
P_005,59013.21812488451,16.29870610063181,0.03,1
P_005,59014.05806541223,16.33849587878947,0.03,2
P_005,59017.14304896549,16.32114402637525,0.03,1
P_005,59018.96350080202,16.313084289292426,0.03,2
P_005,59021.32308503528,16.276324519712126,0.03,2
P_005,59023.78489135295,16.31963602434064,0.03,2
P_005,59023.89098883669,16.28970072907727,0.03,2
P_005,59025.542215876914,16.31309545809492,0.03,2
P_005,59027.68056472628,16.317239598182883,0.03,2
P_005,59029.42953751725,16.353130063032566,0.03,2
P_005,59031.26756623437,16.291299420472033,0.03,2
P_005,59034.81658806141,16.304244276878126,0.03,1
P_005,59035.71379690039,16.37401363213855,0.03,2
P_005,59036.08954822582,16.309498927269008,0.03,2
P_005,59038.21907432453,16.307317076024887,0.03,1
P_005,59039.19450045681,16.36362879442038,0.03,2
P_005,59040.51944427613,16.334041596295407,0.03,2
P_005,59041.618232486966,16.324977418244043,0.03,2
P_005,59042.57800173612,16.33142506130837,0.03,2
P_005,59043.75459935126,16.258464271756356,0.03,2
P_005,59045.248443687335,16.343525469499525,0.03,2
P_005,59053.02563965635,16.386805185410175,0.03,2
P_005,59057.817758622135,16.34961110927041,0.03,2
P_005,59060.71136773549,16.242806434008727,0.03,2
P_005,59064.7209539226,16.33487830193301,0.03,1
P_005,59066.75054087969,16.275479041128712,0.03,2
P_005,59069.361631908476,16.30944830578188,0.03,2
P_005,59071.22093195148,16.327310773054545,0.03,1
P_005,59072.10018007367,16.261263760914016,0.03,1
P_005,59072.13901435744,16.387720559058394,0.03,2
P_005,59072.32675698832,16.317532204118145,0.03,1
P_005,59073.874208269015,16.36063560654702,0.03,2
P_005,59075.36927938931,16.352789279982037,0.03,1
P_005,59075.39728780434,16.38828312061545,0.03,1
P_005,59075.50016112482,16.380703705764,0.03,2
P_005,59077.22097324391,16.24745727753575,0.03,2
P_005,59079.919882433234,16.323355832198217,0.03,1
P_005,59080.289617964234,16.214495011217874,0.03,2
P_005,59081.429770482224,16.298926437967584,0.03,2
P_005,59082.19261760097,16.357036421354685,0.03,1
P_005,59083.18675926558,16.367030119690025,0.03,1
P_005,59083.806062961994,16.385806584960715,0.03,1
P_005,59084.017295453246,16.30252640456751,0.03,1
P_005,59085.13376907984,16.337413491105888,0.03,2
P_005,59085.656221803474,16.32629896859159,0.03,2
P_005,59086.35959939842,16.38479962763879,0.03,2
P_005,59086.938164047584,16.400880286584353,0.03,2
P_005,59087.41106718208,16.303538622116015,0.03,2
P_005,59087.47133632048,16.510697035413312,0.03,2
P_005,59087.554916946014,16.321313250341024,0.03,2
P_005,59087.61132953107,16.30317086538528,0.03,2
P_006,59004.19801965436,18.973651924716165,0.03,2
P_006,59004.934405480955,18.93237847672835,0.03,1
P_006,59008.84546441862,18.99014122821252,0.03,2
P_006,59010.70691241225,18.99576302304624,0.03,1
P_006,59011.71256191136,18.958289898363528,0.03,1
P_006,59012.35704149682,19.049881472915477,0.03,1
P_006,59018.726573482,18.907145470719495,0.03,2
P_006,59019.315342638365,19.002475034426762,0.03,2
P_006,59019.43850932824,18.932292817624408,0.03,2
P_006,59020.33191451224,18.916898802091513,0.03,2
P_006,59020.464584532434,18.98536288129332,0.03,1
P_006,59021.447534491825,18.92514142932947,0.03,1
P_006,59022.81317143747,18.998886566882877,0.03,1
P_006,59025.65944851108,18.89760743343616,0.03,2
P_006,59026.06784109178,18.957701314499865,0.03,1
P_006,59027.47809742944,18.913775621681896,0.03,1
P_006,59028.676171534884,18.94419821481626,0.03,1
P_006,59029.22797223923,18.93735155071457,0.03,2
P_006,59030.058945411074,18.8995236487419,0.03,2
P_006,59031.33888522324,18.98873610111216,0.03,1
P_006,59032.2490931485,18.89370994073703,0.03,1
P_006,59032.844525185246,18.906967639449274,0.03,2
P_006,59033.255716738655,19.000559676230182,0.03,1
P_006,59034.84598016665,19.00465913534746,0.03,2
P_006,59040.90608778097,18.98939438156411,0.03,2
P_006,59041.110587828305,18.973024147345853,0.03,2
P_006,59041.62917001307,19.069935744477434,0.03,2
P_006,59041.67738346989,18.89555184717398,0.03,1
P_006,59043.03868697458,18.918872708730078,0.03,2
P_006,59043.26889338174,18.90635824509575,0.03,1
P_006,59046.06423468055,19.00099505941951,0.03,1
P_006,59046.519305836926,18.97047261514328,0.03,1
P_006,59047.4480582638,19.011621414430653,0.03,2
P_006,59050.839807634824,19.00471023440973,0.03,2
P_006,59051.89214156674,18.94484086990808,0.03,2
P_006,59053.557962728606,18.915152284373207,0.03,2
P_006,59054.091606447786,18.906499619531814,0.03,1
P_006,59055.47075330638,19.06670580337839,0.03,2
P_006,59056.53288602245,19.00451328514746,0.03,1
P_006,59057.46576342493,18.985798718256586,0.03,1
P_006,59059.12455907992,18.93920559569606,0.03,2
P_006,59060.074716656476,18.94625220925899,0.03,2
P_006,59067.68478625097,18.938967511008908,0.03,2
P_006,59068.17369955548,18.939982876369175,0.03,2
P_006,59069.73817203201,18.835997149366996,0.03,2
P_006,59070.78367560349,18.953112146965506,0.03,2
P_006,59070.872331495215,18.937065434460365,0.03,1
P_006,59072.96925777127,18.970669933960426,0.03,1
P_006,59074.25766863833,18.966664095955547,0.03,2
P_006,59074.51711450812,18.998858017463345,0.03,1
P_006,59075.66984199322,18.95553965377544,0.03,1
P_006,59079.28606256505,18.996043707410916,0.03,2
P_006,59079.68630422299,18.828149966722634,0.03,1
P_006,59082.8796727909,18.901138263568352,0.03,1
P_006,59085.57795617341,19.0424942576502,0.03,1
P_006,59085.827000560545,18.895246172911172,0.03,2
P_006,59085.903670581894,18.94225687934581,0.03,2
P_006,59088.83850282311,18.9915522945518,0.03,2
P_006,59089.11067264607,18.912086137726472,0.03,1
P_006,59089.92793864506,18.992340842556608,0.03,2
P_007,59003.05188647721,16.582376187982483,0.03,1
P_007,59003.681497775964,16.602484059779925,0.03,1
P_007,59004.170608421155,16.63704438512757,0.03,2
P_007,59009.68955261861,16.589543799529412,0.03,1
P_007,59010.794237175185,16.676431793956887,0.03,2
P_007,59011.85897129083,16.55521601541061,0.03,2
P_007,59014.62470067428,16.664927648028502,0.03,1
P_007,59016.73974267757,16.557710852856264,0.03,2
P_007,59018.368903775285,16.592448606313006,0.03,1
P_007,59020.41008345267,16.618804239680177,0.03,1
P_007,59020.635948272175,16.703343923474783,0.03,2
P_007,59020.68360405536,16.645393237744454,0.03,2
P_007,59020.85862144778,16.58030878793395,0.03,1
P_007,59021.044908108684,16.665557886191383,0.03,2
P_007,59023.19600270346,16.589916685167115,0.03,1
P_007,59023.76749490782,16.561029637596818,0.03,2
P_007,59025.09341698962,16.623036165001132,0.03,1
P_007,59025.17608737436,16.605325472813462,0.03,2
P_007,59027.15149294662,16.64828524877496,0.03,2
P_007,59027.241842481,16.573115012204433,0.03,1
P_007,59030.26946978345,16.619677105294844,0.03,1
P_007,59033.459936644525,16.632329397053535,0.03,1
P_007,59033.620240105556,16.61450420838933,0.03,1
P_007,59038.13122350434,16.599152753807232,0.03,2
P_007,59038.79605057331,16.565721011707247,0.03,2
P_007,59038.89061140475,16.64578951997957,0.03,2
P_007,59041.51261616791,16.60746315542742,0.03,2
P_007,59043.33670964599,16.625417129037242,0.03,2
P_007,59043.6627705625,16.58306301836877,0.03,1
P_007,59048.97975612787,16.601252514948907,0.03,1
P_007,59049.919824000186,16.548740530826564,0.03,2
P_007,59050.191441119474,16.604878195168588,0.03,1
P_007,59051.09965851859,16.638862446594516,0.03,1
P_007,59052.18046051057,16.60525159471579,0.03,1
P_007,59054.317396916376,16.64357157093771,0.03,2
P_007,59054.878014546724,16.616247454517932,0.03,2
P_007,59057.22178306371,16.668794761912764,0.03,1
P_007,59059.0336234007,16.591099448804158,0.03,1
P_007,59061.58734113419,16.518670419084152,0.03,2
P_007,59061.810290226465,16.622226341866078,0.03,2
P_007,59062.651505687645,16.59234245601792,0.03,1
P_007,59063.9862990761,16.551887261297665,0.03,2
P_007,59066.27672382344,16.633165198307935,0.03,1
P_007,59067.167815005254,16.61381838737453,0.03,2
P_007,59067.52140080619,16.62286886050853,0.03,2
P_007,59068.97006072027,16.583983132872465,0.03,2
P_007,59071.15676536663,16.610454288624187,0.03,1
P_007,59071.90480069137,16.61331888261957,0.03,1
P_007,59072.789930614636,16.689334685738885,0.03,1
P_007,59073.51513810708,16.566403942188863,0.03,1
P_007,59074.33850849093,16.600077220433928,0.03,1
P_007,59076.93495809429,16.61879492102528,0.03,2
P_007,59079.64138103906,16.51436258410703,0.03,1
P_007,59081.36438103412,16.52045351204039,0.03,1
P_007,59083.2969955927,16.708892848953187,0.03,2
P_007,59085.76998013802,16.512245982728714,0.03,1
P_007,59086.061367903654,16.629348387644562,0.03,2
P_007,59086.317373348444,16.55819066010857,0.03,1
P_007,59088.234624006705,16.56244392527424,0.03,2
P_007,59089.981202924275,16.50147568519818,0.03,2
P_008,59001.43007568524,17.34328587178108,0.03,1
P_008,59001.77401179687,17.27752334874261,0.03,2
P_008,59001.823713266356,17.33999805622053,0.03,2
P_008,59002.361988866134,17.374511588227225,0.03,2
P_008,59002.38968213851,17.294990851942522,0.03,1
P_008,59002.56557727953,17.326886882332097,0.03,2
P_008,59006.6070500224,17.41656221560388,0.03,1
P_008,59007.9194832564,17.347485175380623,0.03,1
P_008,59009.64773207347,17.40483208480251,0.03,1
P_008,59012.61003816724,17.389408745960647,0.03,2
P_008,59013.598131779254,17.350406410741,0.03,2
P_008,59013.62475542088,17.307143705193756,0.03,2
P_008,59014.6605770619,17.270638716603166,0.03,2
P_008,59017.96000735644,17.257153493788824,0.03,1
P_008,59018.0369765674,17.337054839999006,0.03,1
P_008,59020.51591523593,17.336147562098684,0.03,1
P_008,59024.18199727283,17.30400728286331,0.03,1
P_008,59026.68579819086,17.355161712319273,0.03,1
P_008,59028.20180117903,17.282511537547787,0.03,2
P_008,59028.97161920817,17.368249346670503,0.03,2
P_008,59029.67643962025,17.31473874650425,0.03,2
P_008,59030.382496564256,17.310922064475914,0.03,2
P_008,59030.802630859136,17.312724728415972,0.03,2
P_008,59034.4789479629,17.307808829425717,0.03,2
P_008,59038.32789470197,17.43715160768138,0.03,1
P_008,59042.15427825526,17.232162401807564,0.03,2
P_008,59042.28696429873,17.321599520454033,0.03,2
P_008,59042.500282722234,17.374943702731898,0.03,2
P_008,59044.08233198507,17.34861404589357,0.03,2
P_008,59044.85109414758,17.29763429467958,0.03,1
P_008,59046.66689457282,17.399744444475786,0.03,2
P_008,59046.90180866117,17.25931375037666,0.03,2
P_008,59048.08330115513,17.247423586779032,0.03,2
P_008,59048.80008616498,17.341141921411563,0.03,1
P_008,59049.811031952726,17.240014903203292,0.03,1
P_008,59050.126792592084,17.193840905616614,0.03,2
P_008,59050.92987296554,17.356882725151344,0.03,1
P_008,59052.49606082227,17.350805908895964,0.03,1
P_008,59057.40371105057,17.349352736412115,0.03,2
P_008,59057.519979112716,17.288364836030738,0.03,1
P_008,59057.91755211737,17.32188569964941,0.03,1
P_008,59060.01576339846,17.26447206435282,0.03,2
P_008,59061.438307111,17.399455953595577,0.03,1
P_008,59062.00071422748,17.352289605840166,0.03,2
P_008,59063.2194033531,17.349851196883456,0.03,2
P_008,59070.76755018459,17.215239156219614,0.03,2
P_008,59070.85321441902,17.35310349546444,0.03,1
P_008,59071.04826827137,17.387436994364013,0.03,1
P_008,59074.439842354936,17.37355149754731,0.03,1
P_008,59075.64484458368,17.35219491005477,0.03,1
P_008,59076.86468504454,17.31269053481346,0.03,1
P_008,59077.96173468661,17.29564675090219,0.03,1
P_008,59078.09792020019,17.34282047754589,0.03,2
P_008,59078.60412216323,17.331876861054813,0.03,1
P_008,59081.01135302281,17.324557119784235,0.03,1
P_008,59081.01192410494,17.297277155925492,0.03,1
P_008,59083.21747987381,17.396801219661214,0.03,1
P_008,59083.3683104446,17.254346228655145,0.03,1
P_008,59084.61955627005,17.311606770474338,0.03,1
P_008,59085.17690519211,17.283729349625478,0.03,2
P_009,59001.027528423794,18.55786932400355,0.03,1
P_009,59002.71824402459,18.61619954389547,0.03,2
P_009,59005.4563893896,18.596984209684454,0.03,1
P_009,59006.040336566424,18.72589025383271,0.03,2
P_009,59007.24921781178,18.498073960140008,0.03,1
P_009,59007.57706702277,18.64775595048373,0.03,2
P_009,59008.043152252045,18.528917618332976,0.03,2
P_009,59009.38814024989,18.563366105421974,0.03,2
P_009,59009.542620964756,18.58815278545331,0.03,1
P_009,59012.958248707815,18.752291178212882,0.03,2
P_009,59018.392441607924,18.554836602608816,0.03,2
P_009,59018.42078160925,18.498542662460565,0.03,2
P_009,59021.26656648497,18.657855048140043,0.03,2
P_009,59022.19517346316,18.551025062706476,0.03,2
P_009,59022.294477615316,18.580839350438445,0.03,2
P_009,59022.36515120107,18.591784776975768,0.03,1
P_009,59026.731006062735,18.597836307402027,0.03,1
P_009,59028.21472691249,18.584479936705137,0.03,2
P_009,59030.54752032829,18.606374689921683,0.03,2
P_009,59031.62862973061,18.61235484823477,0.03,2
P_009,59032.21923707973,18.63568300903388,0.03,2
P_009,59032.38492628002,18.571625211327998,0.03,2
P_009,59033.40372437892,18.555550360955237,0.03,1
P_009,59034.8417272997,18.53980935418963,0.03,2
P_009,59035.31701796707,18.62262231313144,0.03,2
P_009,59036.33805254618,18.590671960863176,0.03,2
P_009,59038.177853261324,18.620647096694373,0.03,2
P_009,59040.539693099316,18.619896680213774,0.03,2
P_009,59040.80488321932,18.67728071479071,0.03,1
P_009,59041.381630034746,18.603362122901334,0.03,1
P_009,59042.421088740826,18.630605433957484,0.03,2
P_009,59043.7252275259,18.53285737680824,0.03,1
P_009,59045.02831031838,18.538971784313485,0.03,1
P_009,59046.172422960066,18.577399980832762,0.03,1
P_009,59048.040145310224,18.532150984332258,0.03,1
P_009,59049.40111398612,18.627466529012537,0.03,1
P_009,59049.978587458514,18.526334228709267,0.03,2
P_009,59050.62763917049,18.596406019059767,0.03,1
P_009,59050.80853575886,18.470082087048002,0.03,2
P_009,59051.891023713324,18.537747881952715,0.03,1
P_009,59052.05873926485,18.576035101309532,0.03,1
P_009,59053.88639556407,18.58003488377972,0.03,2
P_009,59053.93837858669,18.50340458095467,0.03,1
P_009,59058.2939678999,18.598420322077605,0.03,2
P_009,59058.613048630825,18.641730069558147,0.03,1
P_009,59063.78226042244,18.62539888838486,0.03,1
P_009,59064.804956698215,18.560057714901085,0.03,1
P_009,59064.979497086904,18.563622026214553,0.03,1
P_009,59066.12028123025,18.53367185403801,0.03,2
P_009,59066.526369150386,18.62447626785358,0.03,2
P_009,59068.90992155887,18.66506981001058,0.03,2
P_009,59069.374888673556,18.566689094347954,0.03,1
P_009,59069.59108624599,18.508095964775592,0.03,2
P_009,59074.19947007829,18.602987080253225,0.03,1
P_009,59075.06672577183,18.628375339328308,0.03,2
P_009,59079.052894551474,18.456880675636725,0.03,2
P_009,59085.32920605263,18.59990467010459,0.03,1
P_009,59085.78444392333,18.701206217107025,0.03,2
P_009,59086.458031700546,18.634019248594466,0.03,1
P_009,59087.348217085615,18.620509808169103,0.03,1
P_010,59000.43436482938,17.623980529917706,0.03,2
P_010,59000.64688210425,17.612258795313338,0.03,2
P_010,59001.315577387606,17.565109344460083,0.03,2
P_010,59004.79582046125,17.65930500608669,0.03,2
P_010,59007.56027437603,17.6520029813637,0.03,1
P_010,59010.27207425379,17.68046784112792,0.03,2
P_010,59014.46581307606,17.685223422757726,0.03,1
P_010,59014.952011700574,17.548777623602504,0.03,2
P_010,59017.96845482014,17.68025157924369,0.03,2
P_010,59018.80616758792,17.68086274860529,0.03,1
P_010,59020.23332300591,17.589363855238386,0.03,2
P_010,59021.028174789935,17.667846245209763,0.03,2
P_010,59024.67185994509,17.689387573496035,0.03,2
P_010,59025.38122116292,17.589034239740993,0.03,2
P_010,59026.80153559652,17.54703804745509,0.03,2
P_010,59026.9110198542,17.597999188605762,0.03,1
P_010,59027.13483231801,17.75561136813688,0.03,2
P_010,59027.90088226284,17.62778903755628,0.03,1
P_010,59028.77489620167,17.55526554232904,0.03,1
P_010,59031.098301871636,17.603328651295914,0.03,2
P_010,59033.0851679026,17.566273404186433,0.03,1
P_010,59033.089387919856,17.59601198512543,0.03,1
P_010,59033.75258690567,17.620733220844105,0.03,2
P_010,59036.16921197776,17.48789616466917,0.03,2
P_010,59038.67266499733,17.633996053990234,0.03,1
P_010,59038.92609636822,17.686709496767836,0.03,1
P_010,59039.844398895446,17.606107574648938,0.03,1
P_010,59045.889427396476,17.596841268771016,0.03,2
P_010,59047.091639873695,17.670655537212006,0.03,1
P_010,59048.54834239251,17.55264408361329,0.03,2
P_010,59050.90502004098,17.553681505860833,0.03,1
P_010,59052.251245092964,17.546449211781436,0.03,2
P_010,59052.39698803664,17.60810711707298,0.03,1
P_010,59052.80768176988,17.635677363797125,0.03,1
P_010,59052.81303909728,17.61144736771327,0.03,2
P_010,59053.76724452933,17.643464826081168,0.03,2
P_010,59054.14385905183,17.657513374914387,0.03,1
P_010,59055.22862181062,17.64080527827984,0.03,1
P_010,59056.13750893971,17.5755433245892,0.03,2
P_010,59056.15204676495,17.602571630459448,0.03,2
P_010,59059.30983346229,17.678388374676786,0.03,2
P_010,59060.48055147331,17.56364168525508,0.03,1
P_010,59060.673896253444,17.603304829691968,0.03,2
P_010,59061.44624520089,17.59511232423302,0.03,1
P_010,59061.73196254978,17.606971581968214,0.03,1
P_010,59061.887066908,17.56219259032967,0.03,2
P_010,59065.03870155207,17.548509339786897,0.03,2
P_010,59065.152144073065,17.743774213903738,0.03,1
P_010,59066.72467324579,17.663271069170648,0.03,1
P_010,59070.215022544704,17.580345153167396,0.03,1
P_010,59072.60649752872,17.613027766094188,0.03,1
P_010,59076.444434390454,17.649811440680928,0.03,2
P_010,59081.71171242552,17.59879296597218,0.03,1
P_010,59081.841673669216,17.646802193213922,0.03,2
P_010,59083.39423717944,17.585211780250756,0.03,2
P_010,59083.952981968134,17.598049557425277,0.03,1
P_010,59083.955076483304,17.611737577124195,0.03,1
P_010,59086.363022755395,17.59310123937841,0.03,1
P_010,59088.422182603295,17.493334890385054,0.03,1
P_010,59089.12700964692,17.617033619117755,0.03,2
P_011,59000.84248404961,18.808301829627283,0.03,1
P_011,59001.29095572642,18.88030916679352,0.03,2
P_011,59002.255315212606,18.79660551997028,0.03,2
P_011,59003.19266238982,18.75409717204828,0.03,2
P_011,59003.35730442464,18.784942689242392,0.03,1
P_011,59007.487508169696,18.82797045371716,0.03,1
P_011,59009.811999127174,18.941232344507846,0.03,2
P_011,59010.608778217844,18.982665088622888,0.03,2
P_011,59011.87977612312,18.833499621638726,0.03,1
P_011,59013.31891572542,18.90476148402,0.03,1
P_011,59014.25154472202,18.92762911441824,0.03,2
P_011,59014.47437591117,18.921795664800147,0.03,2
P_011,59016.22727127793,18.851729281271613,0.03,1
P_011,59018.550114110774,18.79246460013649,0.03,1
P_011,59018.636298421065,18.833153347234965,0.03,1
P_011,59020.0883171792,18.76446944667374,0.03,2
P_011,59021.14188903473,18.869500349525147,0.03,2
P_011,59021.295569439,18.896443264828385,0.03,1
P_011,59021.378726619216,18.76291904161788,0.03,2
P_011,59024.16776980628,18.854977603980103,0.03,2
P_011,59026.77716340045,18.872186349452086,0.03,2
P_011,59026.844737745865,18.92003460959018,0.03,1
P_011,59028.76987894154,18.9264997209831,0.03,2
P_011,59029.771380221064,18.897632262237778,0.03,1
P_011,59030.137292935906,18.82323186182162,0.03,1
P_011,59032.2361531131,18.8391511821016,0.03,2
P_011,59033.66562577699,18.917783199798127,0.03,1
P_011,59035.91957038278,18.8272732378613,0.03,2
P_011,59037.86379061378,18.855456169541718,0.03,1
P_011,59038.46934541263,18.93560909199394,0.03,2
P_011,59038.765971490626,18.863962642115972,0.03,1
P_011,59039.17992530958,18.788842799187073,0.03,1
P_011,59040.039206023124,18.84278907829684,0.03,1
P_011,59040.72758251754,18.889534663414672,0.03,2
P_011,59041.22395585981,18.848052019085703,0.03,1
P_011,59041.25760019841,18.915634168929454,0.03,2
P_011,59041.51151750515,18.921669043100618,0.03,2
P_011,59044.01090367108,18.825027667994764,0.03,1
P_011,59044.77589247895,18.832385629939814,0.03,1
P_011,59047.56186355346,18.852353235387014,0.03,1
P_011,59048.20249662012,18.797480366962198,0.03,1
P_011,59048.972400879706,18.876459480841348,0.03,2
P_011,59052.19465160961,18.848557209012593,0.03,2
P_011,59053.4272161793,18.896828740350426,0.03,1
P_011,59053.981562188164,18.82756339391168,0.03,1
P_011,59054.20762207185,18.81358023119762,0.03,2
P_011,59056.68810831221,18.949457740099366,0.03,2
P_011,59056.8564661,18.813602258665398,0.03,2
P_011,59058.36305489426,18.828287428631253,0.03,1
P_011,59059.294131303155,18.820944185303432,0.03,2
P_011,59064.58897724453,18.842337378145295,0.03,1
P_011,59066.30286254494,18.81176625148991,0.03,2
P_011,59069.60192240352,18.85531925409217,0.03,2
P_011,59072.19634038465,18.82232474747034,0.03,1
P_011,59072.90121064833,18.836724809516703,0.03,2
P_011,59072.98149889874,18.87570946465329,0.03,1
P_011,59074.261996518275,18.89264760631464,0.03,2
P_011,59082.37131166012,18.880917052435503,0.03,2
P_011,59087.83480754097,18.820765241910753,0.03,2
P_011,59088.221895508075,18.87742678526254,0.03,2
P_012,59002.40215503782,18.867733883428613,0.03,1
P_012,59003.490118966474,18.78880708807489,0.03,2
P_012,59004.19622051503,18.908539776254973,0.03,1
P_012,59004.37351716778,18.874274296877335,0.03,2
P_012,59007.393808068584,18.794856503941066,0.03,1
P_012,59009.357951749655,18.874289602449245,0.03,1
P_012,59011.099270825514,18.82444088226116,0.03,1
P_012,59011.32387674205,18.952510059467542,0.03,2
P_012,59013.49286267325,18.886998791977497,0.03,1
P_012,59015.93462961435,18.82261493578806,0.03,2
P_012,59016.392037084916,18.87372791579916,0.03,1
P_012,59017.41888118689,18.86086748836756,0.03,1
P_012,59017.73762842323,18.922434802145556,0.03,1
P_012,59022.49948316727,18.880411470906868,0.03,2
P_012,59022.58139412053,18.888283492729492,0.03,1
P_012,59022.995524746984,18.80669619864573,0.03,1
P_012,59026.422505865834,18.902282587328923,0.03,1
P_012,59026.522386387114,18.96739646550579,0.03,1
P_012,59027.896182414726,18.89457309297656,0.03,2
P_012,59028.92683141146,18.860755313384136,0.03,1
P_012,59029.50667778254,18.870939707430146,0.03,1
P_012,59030.49052517579,18.815102685347103,0.03,2
P_012,59032.053757423135,18.872071090833277,0.03,2
P_012,59032.19626589699,18.80785285561301,0.03,1
P_012,59034.718794296525,18.86499234867045,0.03,2
P_012,59036.75322313101,18.84338783270065,0.03,1
P_012,59039.21389169886,18.82126017477512,0.03,2
P_012,59041.385415306024,18.89183691236671,0.03,2
P_012,59042.876506212975,18.788336269913806,0.03,2
P_012,59043.70220700812,18.86081428319272,0.03,2
P_012,59046.06982328472,18.79657858463641,0.03,2
P_012,59048.34694685648,18.95436733562002,0.03,2
P_012,59049.38311855817,18.961619896690998,0.03,1
P_012,59049.52490206275,18.90519470608887,0.03,2
P_012,59049.91011742122,18.95774046830258,0.03,1
P_012,59050.48642528207,18.89252769158236,0.03,1
P_012,59052.44997197298,18.88998071890588,0.03,2
P_012,59052.72506832217,18.841577359388356,0.03,1
P_012,59054.198953078485,18.818058131058358,0.03,1
P_012,59055.10882940422,18.869214559671263,0.03,1
P_012,59056.42926639155,18.83603754928468,0.03,2
P_012,59059.21892707206,18.84090585554447,0.03,2
P_012,59059.52650330125,18.899247503635024,0.03,2
P_012,59060.102788907956,18.85639990481289,0.03,2
P_012,59060.38034455654,18.78472252307758,0.03,1
P_012,59060.38632339198,18.851912759792445,0.03,2
P_012,59060.60568908673,18.824545094561635,0.03,1
P_012,59062.13192088304,18.84796437341982,0.03,1
P_012,59062.53021212132,18.807790100822135,0.03,1
P_012,59065.49600967342,18.922676007377042,0.03,2
P_012,59067.77399267802,18.957802719942553,0.03,2
P_012,59069.43878752578,18.807067165273537,0.03,2
P_012,59072.03152853572,18.89506951667836,0.03,1
P_012,59076.06207395277,18.892529816969706,0.03,2
P_012,59080.302252847694,18.80889852236329,0.03,2
P_012,59083.953708791545,18.86766853036236,0.03,1
P_012,59084.758015818246,18.93315961616062,0.03,1
P_012,59085.67978499666,18.904932280414965,0.03,1
P_012,59087.56898888002,18.943520196377623,0.03,1
P_012,59087.74344577362,18.80400463865579,0.03,2
P_013,59000.88213224043,17.48520183017587,0.03,1
P_013,59002.97775456816,17.45142241027991,0.03,2
P_013,59005.22132603995,17.50081179482091,0.03,1
P_013,59006.97122784032,17.51722752279875,0.03,1
P_013,59009.93426002131,17.528856469169686,0.03,2
P_013,59010.771287831674,17.517879373319165,0.03,1
P_013,59011.81259267576,17.48758120592517,0.03,2
P_013,59011.85390674192,17.527159399049527,0.03,1
P_013,59011.895922435455,17.45271227944235,0.03,1
P_013,59013.14384658991,17.493283492497447,0.03,1
P_013,59015.112923291905,17.53785551379283,0.03,2
P_013,59021.73081696168,17.511659950929953,0.03,1
P_013,59023.58636286292,17.43372843717853,0.03,2
P_013,59025.575532299335,17.439558820751067,0.03,1
P_013,59025.82196356351,17.416591653234523,0.03,2
P_013,59026.683068839746,17.58757765096976,0.03,2
P_013,59026.791663699056,17.41991421554042,0.03,2
P_013,59027.45676373475,17.490523089784496,0.03,2
P_013,59029.94027474871,17.589286982082815,0.03,1
P_013,59031.615295442156,17.55134038321609,0.03,1
P_013,59033.7579849857,17.563365343362634,0.03,1
P_013,59033.91729143887,17.472577075490754,0.03,1
P_013,59034.790485164776,17.534497453263352,0.03,2
P_013,59036.394717581265,17.6498338537795,0.03,2
P_013,59036.699710151144,17.49575328054053,0.03,1
P_013,59038.71959694138,17.5182650220046,0.03,2
P_013,59038.89847357052,17.481844890095534,0.03,1
P_013,59040.77389508835,17.496964309065223,0.03,1
P_013,59044.98574506809,17.516325964551772,0.03,2
P_013,59045.47902473257,17.566993473590202,0.03,1
P_013,59046.34357280081,17.452650954511324,0.03,2
P_013,59046.581499347296,17.426255279252814,0.03,1
P_013,59047.226590514896,17.498979515901677,0.03,2
P_013,59048.30573081641,17.507976179355865,0.03,1
P_013,59049.20339339115,17.568285883299733,0.03,2
P_013,59049.45723860904,17.533613044283943,0.03,1
P_013,59050.65845180678,17.466519339187546,0.03,2
P_013,59052.422522971305,17.526082583849682,0.03,1
P_013,59052.82940718711,17.5535568084096,0.03,2
P_013,59052.86334728216,17.512062786786043,0.03,2
P_013,59055.8165807703,17.480761813380763,0.03,2
P_013,59056.745036344924,17.531584669456176,0.03,1
P_013,59061.80162495402,17.480000307232206,0.03,1
P_013,59063.7225385681,17.40437322220984,0.03,1
P_013,59064.09052179746,17.564263663042645,0.03,2
P_013,59069.527561019175,17.433206965354863,0.03,1
P_013,59069.82510591161,17.4809289609771,0.03,2
P_013,59072.34360921021,17.481833087283654,0.03,1
P_013,59076.00194625298,17.48084064384093,0.03,2
P_013,59077.772011344015,17.483334516160205,0.03,1
P_013,59078.44184503594,17.425526152604746,0.03,1
P_013,59079.29979150023,17.523793560693818,0.03,1
P_013,59079.69252603424,17.498840927407077,0.03,1
P_013,59080.833881046594,17.499401838393165,0.03,2
P_013,59081.120549400875,17.55100010781303,0.03,1
P_013,59082.045686591446,17.5523591687026,0.03,2
P_013,59085.27000477852,17.564300916009255,0.03,2
P_013,59085.759641786244,17.58986641958495,0.03,2
P_013,59086.496366210966,17.519988387549922,0.03,2
P_013,59087.662700273075,17.420413877834076,0.03,2
P_014,59002.44098850721,16.11101053615355,0.03,1
P_014,59005.032600272476,16.143046982833308,0.03,2
P_014,59006.369920786856,16.130237741752893,0.03,1
P_014,59006.566614889605,16.101551084177597,0.03,1
P_014,59008.37236013466,16.033951416982315,0.03,2
P_014,59008.556763602865,16.05257690484339,0.03,2
P_014,59008.80364957859,16.13680133666055,0.03,1
P_014,59009.36625393882,16.05596558441254,0.03,1
P_014,59009.555862062116,16.14238712463615,0.03,2
P_014,59010.030155832785,16.154772269060285,0.03,1
P_014,59010.172518778025,16.037965094525745,0.03,1
P_014,59010.499321967574,16.11310462696817,0.03,2
P_014,59010.85195772373,16.08547023649742,0.03,2
P_014,59010.864404271786,16.19245907625181,0.03,2
P_014,59012.1704826941,16.13297619186682,0.03,1
P_014,59012.22676740685,16.06555092408979,0.03,2
P_014,59012.721847902714,16.111439317175577,0.03,2
P_014,59013.09714151074,16.045189707042773,0.03,2
P_014,59016.20934709169,16.083499767752045,0.03,2
P_014,59016.29782491743,16.101323364805733,0.03,1
P_014,59017.57470825419,16.098542459949208,0.03,2
P_014,59021.3858311116,16.106462320389983,0.03,1
P_014,59023.617404190045,16.045726877471505,0.03,2
P_014,59026.135456882985,15.998409905760143,0.03,2
P_014,59031.741085372225,16.072928154609656,0.03,2
P_014,59032.65951637364,16.04645603499939,0.03,2
P_014,59034.10462312172,16.05606468718765,0.03,2
P_014,59036.96669980338,16.197940694927176,0.03,2
P_014,59037.91402222955,16.149218293221274,0.03,2
P_014,59039.53794460231,16.082351336006187,0.03,1
P_014,59041.85621096471,16.01940212045617,0.03,1
P_014,59043.24907848316,16.026164104633658,0.03,2
P_014,59045.68578825103,16.10913369769009,0.03,1
P_014,59046.3012896118,16.14454133473488,0.03,2
P_014,59047.18571233116,16.076648147359954,0.03,2
P_014,59048.44935580106,16.097828877346295,0.03,1
P_014,59048.661595225145,16.103814180533345,0.03,2
P_014,59049.77341575639,16.144383553490588,0.03,2
P_014,59050.615839040984,15.997050326433564,0.03,2
P_014,59051.223178545624,16.09887150813365,0.03,2
P_014,59052.44817661382,16.111350440908215,0.03,2
P_014,59052.674556766295,16.13857849879594,0.03,2
P_014,59059.23280805683,16.110880793576655,0.03,1
P_014,59060.77723940487,16.036039049286998,0.03,2
P_014,59062.25531969334,16.062046215187976,0.03,1
P_014,59062.50282344616,16.014864764254774,0.03,2
P_014,59066.08050281031,16.10073401774165,0.03,2
P_014,59066.67940648541,16.10069189564328,0.03,1
P_014,59070.02740237737,16.11666547490287,0.03,1
P_014,59071.100822913875,16.042580294579786,0.03,2
P_014,59071.542603746224,16.03406235980288,0.03,1
P_014,59072.261253836405,16.16735382176701,0.03,2
P_014,59074.774507027025,16.100182998958275,0.03,1
P_014,59074.82906118462,16.17837406499829,0.03,1
P_014,59081.695847333845,16.113046101351408,0.03,2
P_014,59082.3161313122,16.017988536180315,0.03,1
P_014,59082.858947293535,16.131344733055478,0.03,1
P_014,59082.95022230771,16.152830410431143,0.03,1
P_014,59086.49099239433,16.068537722128497,0.03,2
P_014,59087.73350217682,15.994840961447549,0.03,2
P_015,59000.92242571465,16.84854324509919,0.03,2
P_015,59001.43222692632,16.82962992528449,0.03,1
P_015,59003.270620260635,16.82065402623258,0.03,2
P_015,59008.19614838,16.75796489058568,0.03,2
P_015,59008.491859722766,16.82503103147157,0.03,2
P_015,59009.75552870469,16.727931579858122,0.03,1
P_015,59011.768568052474,16.77703484433465,0.03,2
P_015,59014.399375878245,16.69869423662394,0.03,1
P_015,59018.172731336184,16.698137705492947,0.03,1
P_015,59018.4775691784,16.805510105639417,0.03,1
P_015,59019.343375982025,16.77925696549527,0.03,1
P_015,59020.94218240576,16.787595020535502,0.03,2
P_015,59021.02544361309,16.812954799310663,0.03,1
P_015,59022.85405137088,16.800856484863097,0.03,1
P_015,59024.49539160914,16.739038082898116,0.03,2
P_015,59024.58358468166,16.787028889611257,0.03,2
P_015,59025.85758824786,16.780003790076936,0.03,2
P_015,59026.01005109211,16.757358780033176,0.03,2
P_015,59029.093901774635,16.777129878485194,0.03,1
P_015,59031.050749689086,16.76508649926841,0.03,2
P_015,59031.70488879589,16.750901858591114,0.03,1
P_015,59032.7503581892,16.766644272048374,0.03,1
P_015,59032.774606827,16.795106414103035,0.03,2
P_015,59033.64758546763,16.886518567265995,0.03,1
P_015,59034.41974070286,16.742508178073294,0.03,2
P_015,59035.69628340554,16.809453168444666,0.03,1
P_015,59036.845429862464,16.710290862789446,0.03,1
P_015,59039.40476381973,16.862858541598335,0.03,1
P_015,59039.65008527832,16.766688534056385,0.03,1
P_015,59040.742086911334,16.790301083396663,0.03,2
P_015,59041.294735211064,16.847228259595877,0.03,1
P_015,59041.63203016511,16.83274115762023,0.03,1
P_015,59041.750982038095,16.708764331443746,0.03,2
P_015,59042.04690922911,16.81111694396707,0.03,2
P_015,59042.73618510001,16.771987686619465,0.03,2
P_015,59042.964133947266,16.81431347790049,0.03,2
P_015,59044.909041959276,16.790976519858315,0.03,1
P_015,59045.40593310955,16.820159264137544,0.03,1
P_015,59052.00304822897,16.797955082398747,0.03,2
P_015,59054.30198593393,16.776364583891937,0.03,2
P_015,59054.70541117566,16.842206249917012,0.03,1
P_015,59055.365700323,16.706154971480792,0.03,1
P_015,59055.83294620366,16.761704296552733,0.03,2
P_015,59057.74787922871,16.73557734990536,0.03,2
P_015,59059.624118631415,16.776163723348866,0.03,1
P_015,59062.55928731091,16.761860163953425,0.03,1
P_015,59062.930244678755,16.77595490070554,0.03,1
P_015,59066.00776800125,16.758835390555586,0.03,2
P_015,59066.52488794526,16.759877400113087,0.03,2
P_015,59067.8626851398,16.701154719976508,0.03,2
P_015,59067.94648565605,16.781473825499855,0.03,1
P_015,59072.450963110525,16.798772545949404,0.03,2
P_015,59072.543992703686,16.753539659486954,0.03,1
P_015,59072.63044840207,16.750510422388672,0.03,1
P_015,59074.10111825203,16.75112847701107,0.03,1
P_015,59078.86606784101,16.867309345648987,0.03,1
P_015,59084.83996590401,16.792758190600775,0.03,2
P_015,59085.711983675246,16.802744282475604,0.03,2
P_015,59087.644314215795,16.76833701454463,0.03,1
P_015,59088.50454849812,16.758360046635204,0.03,2
P_016,59001.723703404954,17.310405565789537,0.03,2
P_016,59004.05073142114,17.2847119385647,0.03,1
P_016,59004.23951979335,17.28050027613312,0.03,2
P_016,59004.358703208636,17.30739166337745,0.03,2
P_016,59006.08356906953,17.296049736096343,0.03,1
P_016,59006.55139021312,17.336956214228504,0.03,2
P_016,59007.97537708064,17.358569175259635,0.03,1
P_016,59009.83312860591,17.243759276320098,0.03,1
P_016,59011.11348733323,17.36854532678359,0.03,2
P_016,59013.1497162305,17.207059546028198,0.03,2
P_016,59015.862607510586,17.330750021397012,0.03,1
P_016,59021.92730761788,17.353892097656,0.03,2
P_016,59022.18216723837,17.285841747533183,0.03,2
P_016,59024.47796731024,17.30692241538405,0.03,2
P_016,59026.38037716114,17.27928879933431,0.03,1
P_016,59027.35429406379,17.363114946435537,0.03,2
P_016,59028.65198271753,17.159769019210547,0.03,1
P_016,59029.04801432176,17.269817101987947,0.03,1
P_016,59029.91864523222,17.22152776747044,0.03,2
P_016,59030.9516492013,17.327797229077312,0.03,1
P_016,59031.62615899645,17.38333832656475,0.03,2
P_016,59032.06719240914,17.37795626236514,0.03,1
P_016,59033.32441138822,17.35178495017502,0.03,2
P_016,59034.32119090279,17.330788718005316,0.03,1
P_016,59034.33318988646,17.280074313806757,0.03,1
P_016,59034.343150584915,17.379298044710797,0.03,1
P_016,59034.65256191182,17.349543105226456,0.03,2
P_016,59035.63317768662,17.276162110962066,0.03,2
P_016,59036.23537598016,17.254399165060406,0.03,1
P_016,59036.32400983369,17.286943603089593,0.03,1
P_016,59039.7019058412,17.372468049086226,0.03,2
P_016,59040.97587085129,17.38092041538695,0.03,1
P_016,59042.14245756914,17.399167174478258,0.03,2
P_016,59043.00066743457,17.27960627320895,0.03,2
P_016,59043.26112279933,17.300384573851602,0.03,1
P_016,59044.909630223214,17.387512605121923,0.03,2
P_016,59047.39894991023,17.329380156542694,0.03,2
P_016,59051.289910898646,17.35658845862054,0.03,1
P_016,59051.45392212271,17.252330034008033,0.03,2
P_016,59052.42270709137,17.299907798421813,0.03,1
P_016,59054.04392420115,17.31758794967518,0.03,2
P_016,59054.16636324078,17.3006815902654,0.03,2
P_016,59056.45296670899,17.297690865313346,0.03,2
P_016,59056.68061741555,17.236760396728496,0.03,1
P_016,59060.45894778411,17.399932607298055,0.03,2
P_016,59064.60307448761,17.325826663709417,0.03,1
P_016,59068.81537636586,17.24571210923985,0.03,1
P_016,59073.6999074159,17.372415078907178,0.03,2
P_016,59075.37648812607,17.321999098452945,0.03,2
P_016,59076.5780523552,17.35456850169693,0.03,2
P_016,59076.69145042884,17.309169291522196,0.03,1
P_016,59077.07321911066,17.279729131516476,0.03,2
P_016,59079.21918721967,17.281009895150085,0.03,1
P_016,59079.75032667411,17.33617896333388,0.03,1
P_016,59080.67653711934,17.35778697972133,0.03,2
P_016,59080.78705311274,17.343583572975717,0.03,2
P_016,59081.78067539194,17.35141773421644,0.03,2
P_016,59082.49875656464,17.379373191707682,0.03,1
P_016,59084.80847168496,17.33365881623966,0.03,2
P_016,59089.51282729983,17.36958307040335,0.03,2
P_017,59000.83457744589,16.435131259394222,0.03,1
P_017,59003.23682747498,16.462402149021393,0.03,2
P_017,59003.70156027481,16.40827187537533,0.03,1
P_017,59004.452214241996,16.42924955641282,0.03,1
P_017,59006.819641548616,16.36805838994753,0.03,1
P_017,59007.73036306452,16.42579530129183,0.03,2
P_017,59010.94531044669,16.343534639018998,0.03,2
P_017,59011.82778246788,16.43695735567712,0.03,1
P_017,59011.85183167354,16.416365568591765,0.03,2
P_017,59015.63866379923,16.543560156394435,0.03,2
P_017,59017.05365803095,16.503061930641376,0.03,1
P_017,59017.426197568304,16.431253810058312,0.03,1
P_017,59017.788013096346,16.48601359166268,0.03,2
P_017,59018.126170246614,16.45269904593951,0.03,1
P_017,59018.64071126317,16.38107367056466,0.03,1
P_017,59019.615004129664,16.3171667153824,0.03,1
P_017,59022.42004651569,16.493574539100916,0.03,1
P_017,59022.76373183322,16.45753723662981,0.03,2
P_017,59022.94749401292,16.340283139732936,0.03,2
P_017,59023.70252543614,16.469712549432433,0.03,1
P_017,59030.25622369256,16.483449161010576,0.03,2
P_017,59032.18770824159,16.403584188036334,0.03,2
P_017,59033.00713174427,16.47713610647735,0.03,1
P_017,59033.03095314002,16.351649492201492,0.03,1
P_017,59033.10153846426,16.426601084064238,0.03,1
P_017,59036.46516563313,16.439249398610098,0.03,2
P_017,59040.83562624816,16.476528780392705,0.03,2
P_017,59044.05720061539,16.457308881117918,0.03,2
P_017,59045.32655011248,16.44847090297569,0.03,1
P_017,59046.352451500694,16.465091497423646,0.03,1
P_017,59048.12646032463,16.404600665100148,0.03,2
P_017,59049.22892168629,16.511142028646997,0.03,2
P_017,59049.39100822762,16.42020362598619,0.03,2
P_017,59049.5111675976,16.476868958798743,0.03,2
P_017,59049.704725369724,16.43696804177783,0.03,2
P_017,59050.15821497708,16.42482850359096,0.03,1
P_017,59051.146343558365,16.466376056268196,0.03,2
P_017,59051.23411605477,16.45939378637159,0.03,1
P_017,59053.61489429851,16.504207699724013,0.03,1
P_017,59056.40830808718,16.490746257684947,0.03,2
P_017,59060.56914363007,16.40868827294683,0.03,1
P_017,59065.55129742387,16.46210096884132,0.03,2
P_017,59066.772724108894,16.442162266200967,0.03,1
P_017,59068.90011156953,16.397284755082108,0.03,1
P_017,59069.61242462533,16.382042926712376,0.03,2
P_017,59070.019505840384,16.449763418867615,0.03,2
P_017,59070.91433373052,16.41028075868543,0.03,1
P_017,59071.82389936108,16.36769028792864,0.03,2
P_017,59072.19844428033,16.432255758285244,0.03,1
P_017,59072.788948904694,16.448020871653068,0.03,2
P_017,59072.962408837215,16.44192368203902,0.03,2
P_017,59074.95661226716,16.37671399028319,0.03,2
P_017,59077.8437676021,16.407930215546305,0.03,1
P_017,59078.19465288825,16.50529995095713,0.03,2
P_017,59082.25221457101,16.39838035236939,0.03,1
P_017,59082.53697774063,16.420496990143562,0.03,2
P_017,59084.79170187438,16.552014413652916,0.03,2
P_017,59085.00768026087,16.45418226047333,0.03,2
P_017,59087.81126391469,16.411636452072116,0.03,2
P_017,59088.95419890844,16.33949715326849,0.03,1
P_018,59000.47732422813,16.255684253049587,0.03,1
P_018,59000.599068804615,16.270735687908058,0.03,1
P_018,59001.03290419067,16.224764287481108,0.03,1
P_018,59002.63952249674,16.166304652101935,0.03,2
P_018,59002.74908789291,16.266353298736373,0.03,2
P_018,59003.04221507868,16.189694716897208,0.03,1
P_018,59004.47147452356,16.23474406061056,0.03,2
P_018,59007.26719718868,16.239345415250312,0.03,2
P_018,59009.07817296668,16.2011001182765,0.03,2
P_018,59010.463384073715,16.284385275932532,0.03,1
P_018,59010.73552086465,16.168829595840357,0.03,1
P_018,59012.40495645129,16.31438184027857,0.03,1
P_018,59013.67697182617,16.210604282557735,0.03,1
P_018,59015.11320265493,16.288069131255483,0.03,2
P_018,59015.71869594282,16.30447494502337,0.03,2
P_018,59015.73507522422,16.197086056654594,0.03,1
P_018,59015.85085786751,16.20339348664754,0.03,2
P_018,59018.49215602547,16.286868232500076,0.03,1
P_018,59020.310670108964,16.249346973909805,0.03,2
P_018,59021.08615874276,16.244155586644666,0.03,1
P_018,59022.23128954052,16.148957309057803,0.03,2
P_018,59022.389188744295,16.15827680772081,0.03,1
P_018,59027.44307786247,16.26679268933505,0.03,2
P_018,59027.509923686695,16.311465595251995,0.03,2
P_018,59029.308133461476,16.204765485456676,0.03,1
P_018,59029.39567944462,16.197004919212688,0.03,1
P_018,59037.96095694934,16.250464085862333,0.03,1
P_018,59038.28887284613,16.263147986497273,0.03,2
P_018,59038.46328427472,16.268035713218126,0.03,2
P_018,59039.996565207795,16.21815485574816,0.03,2
P_018,59043.25530671087,16.14330759077239,0.03,1
P_018,59044.64922908189,16.31256788808627,0.03,1
P_018,59044.98295383823,16.215363563243425,0.03,2
P_018,59045.066566808986,16.302527184558635,0.03,1
P_018,59045.479069853245,16.14111206900591,0.03,2
P_018,59046.29737276072,16.25850776519454,0.03,2
P_018,59049.83775039479,16.215208686777196,0.03,1
P_018,59053.51478861716,16.18612145277728,0.03,2
P_018,59054.47329288181,16.28829377968549,0.03,1
P_018,59057.9863091794,16.30421973257835,0.03,1
P_018,59058.04757961402,16.210934865050596,0.03,1
P_018,59058.733904575776,16.27219320273304,0.03,1
P_018,59059.832125818524,16.186677586205672,0.03,1
P_018,59063.29591029451,16.209343721669963,0.03,1
P_018,59064.58079141051,16.227873057348834,0.03,1
P_018,59066.2347867568,16.222803397739035,0.03,2
P_018,59067.22236432181,16.27176763242215,0.03,2
P_018,59068.02509712111,16.180137493455277,0.03,2
P_018,59069.871555626276,16.288132772379537,0.03,2
P_018,59071.83068322044,16.288045793450046,0.03,1
P_018,59072.38768586453,16.229247526579165,0.03,1
P_018,59073.83763390749,16.181273290122313,0.03,2
P_018,59078.55270168897,16.122031412890735,0.03,2
P_018,59078.925941876194,16.236925625034186,0.03,1
P_018,59083.275657012244,16.204513289629666,0.03,2
P_018,59084.76455453051,16.245137048688015,0.03,2
P_018,59085.120442875785,16.187689105937444,0.03,2
P_018,59085.70165310063,16.240186137196073,0.03,1
P_018,59087.33488555498,16.237000920038515,0.03,1
P_018,59087.94528000645,16.24061183337438,0.03,2
P_019,59002.814265133515,16.751229242004637,0.03,1
P_019,59004.5518616375,16.796345321239823,0.03,2
P_019,59007.25880594873,16.721014022766894,0.03,1
P_019,59008.56675628951,16.744901881103647,0.03,2
P_019,59008.77915813108,16.730802223313308,0.03,2
P_019,59009.28324744256,16.767831869892202,0.03,2
P_019,59009.32092624224,16.664528887782872,0.03,1
P_019,59009.84696814083,16.74948032371502,0.03,2
P_019,59010.34895298371,16.69665516630138,0.03,2
P_019,59010.955715064636,16.701366412842454,0.03,1
P_019,59011.85900407387,16.71788593241714,0.03,2
P_019,59012.699397350545,16.70798711037857,0.03,2
P_019,59013.03378127273,16.68021207586162,0.03,1
P_019,59019.26860728452,16.705534235188875,0.03,2
P_019,59022.253732613855,16.671440789856195,0.03,1
P_019,59025.32707324222,16.791315514422948,0.03,1
P_019,59025.97951739962,16.752741343975504,0.03,1
P_019,59032.05846416624,16.69777755458426,0.03,1
P_019,59034.38152094775,16.796750867538936,0.03,1
P_019,59036.79018405515,16.781727716072933,0.03,1
P_019,59037.39293667788,16.74232645117675,0.03,2
P_019,59037.70119182721,16.691844365975705,0.03,2
P_019,59037.9512345645,16.73099426472059,0.03,2
P_019,59038.265941462974,16.74652633933867,0.03,2
P_019,59039.64917366268,16.786916523032968,0.03,1
P_019,59043.24555450729,16.709382269277135,0.03,2
P_019,59045.11490859503,16.690310226729338,0.03,1
P_019,59047.70439404662,16.83153539501171,0.03,1
P_019,59049.07073442397,16.786839282533172,0.03,2
P_019,59050.05800550179,16.733748424446727,0.03,2
P_019,59050.36060202788,16.672850826529388,0.03,1
P_019,59051.581091804095,16.742377020168075,0.03,1
P_019,59053.07697384078,16.773547182312996,0.03,2
P_019,59053.586795336036,16.755605610391815,0.03,2
P_019,59053.81726630833,16.75902576436767,0.03,2
P_019,59054.00433980273,16.72044876417994,0.03,1
P_019,59057.45240989863,16.774515672665274,0.03,1
P_019,59058.82024683552,16.688477929942483,0.03,1
P_019,59060.811049010656,16.696542449291428,0.03,1
P_019,59061.52743329971,16.69355170247871,0.03,2
P_019,59063.701803790354,16.686359391026752,0.03,1
P_019,59063.88445885164,16.814604070373218,0.03,2
P_019,59063.97769540638,16.634462151287668,0.03,1
P_019,59064.11007410257,16.72987434349582,0.03,2
P_019,59064.15334572826,16.669425512044988,0.03,1
P_019,59064.58882203463,16.65661392745168,0.03,2
P_019,59065.751581407894,16.723051887545378,0.03,1
P_019,59069.08366058795,16.640560919342303,0.03,2
P_019,59069.94669022317,16.713501826198748,0.03,1
P_019,59072.451783720484,16.831475704103234,0.03,1
P_019,59072.58159021086,16.712406938855782,0.03,1
P_019,59072.78687569315,16.740533685126334,0.03,1
P_019,59073.46248722727,16.675793407780336,0.03,2
P_019,59074.10788363866,16.74169177299087,0.03,2
P_019,59074.403897567034,16.643929627217965,0.03,1
P_019,59076.567087504154,16.72716013555927,0.03,2
P_019,59079.95048097482,16.71131739171789,0.03,2
P_019,59080.23810612737,16.82500472762713,0.03,1
P_019,59084.90630986159,16.713028006293328,0.03,2
P_019,59085.85336646863,16.699211086174586,0.03,1
P_020,59003.06869879425,16.991929266832972,0.03,1
P_020,59003.137089488264,17.03977779334632,0.03,1
P_020,59010.57464648227,16.98407366110703,0.03,2
P_020,59011.19324048198,17.04784527034415,0.03,1
P_020,59012.863927935214,16.998653073819536,0.03,1
P_020,59013.23167936749,16.980009398356767,0.03,2
P_020,59013.36964806049,16.978558612489817,0.03,2
P_020,59013.778375006135,17.08603035336165,0.03,1
P_020,59013.78191639398,16.9345699518927,0.03,2
P_020,59014.53207709367,16.938327389590683,0.03,1
P_020,59016.2491841907,17.044312565219794,0.03,2
P_020,59016.418679248294,16.96265683810871,0.03,1
P_020,59021.60764939386,16.9891448348028,0.03,1
P_020,59021.83814525684,16.987776534380277,0.03,2
P_020,59022.701392750125,17.12643339021298,0.03,2
P_020,59023.68700474465,16.97880221767643,0.03,2
P_020,59025.51551122782,16.97634993470186,0.03,2
P_020,59028.98155179731,16.993001211429043,0.03,1
P_020,59031.7406834046,17.02406334634244,0.03,1
P_020,59031.83508460245,17.037535523105323,0.03,1
P_020,59031.97906751922,16.938966302767817,0.03,1
P_020,59032.191237064515,17.03489384621474,0.03,2
P_020,59032.86487447063,17.11027715830273,0.03,2
P_020,59033.18819173941,16.923266640203206,0.03,1
P_020,59040.95193974314,17.04145072917395,0.03,2
P_020,59045.67067879574,17.051136956549435,0.03,2
P_020,59046.327412476414,17.020408038248227,0.03,1
P_020,59046.77409561912,17.00288991995725,0.03,2
P_020,59048.21646207042,16.894924928052347,0.03,1
P_020,59051.026359215175,17.072682596533145,0.03,2
P_020,59054.44124531104,16.99646735317213,0.03,2
P_020,59058.244248447925,17.002377935987102,0.03,2
P_020,59059.02493549105,17.07406044916562,0.03,1
P_020,59059.41124624505,16.8956650972406,0.03,1
P_020,59059.55456360633,17.009276742928385,0.03,2
P_020,59060.80896518491,17.042489574013928,0.03,1
P_020,59061.51726358168,17.04868965618629,0.03,2
P_020,59062.99464331436,17.043152432844664,0.03,2
P_020,59063.90970102256,17.114682277722423,0.03,1
P_020,59063.92832041514,17.02690526781354,0.03,1
P_020,59071.22925421012,17.06366508939485,0.03,2
P_020,59072.3814089016,17.05137611874954,0.03,1
P_020,59072.7368831319,16.938734991119855,0.03,2
P_020,59075.782933384566,16.97440562301639,0.03,1
P_020,59075.84236889073,17.116995516110222,0.03,1
P_020,59079.573056634195,16.999267850282703,0.03,2
P_020,59080.247756132005,17.009557888317143,0.03,1
P_020,59080.56899001588,16.94704369799338,0.03,1
P_020,59080.704017819284,16.995754041355845,0.03,2
P_020,59080.956877311546,16.94725100441943,0.03,2
P_020,59082.45311574769,16.982468592478163,0.03,1
P_020,59082.78720198458,17.040602297308897,0.03,1
P_020,59083.48555178559,16.97136817859149,0.03,1
P_020,59083.517238756445,16.982188798957058,0.03,2
P_020,59084.17578774798,17.07982565598596,0.03,1
P_020,59085.49897040332,17.03644756382512,0.03,2
P_020,59086.37341164339,17.038732343331137,0.03,2
P_020,59086.73306173171,17.062655839448666,0.03,2
P_020,59087.31022962632,16.985372055680546,0.03,1
P_020,59089.280189850695,16.993408078199856,0.03,2
P_021,59000.03391015894,17.14948537790828,0.03,1
P_021,59000.287958366,17.098951481970023,0.03,2
P_021,59000.69487521471,17.146855268354937,0.03,2
P_021,59001.0605897313,17.1298754043089,0.03,1
P_021,59007.87455608976,17.08720870020748,0.03,1
P_021,59008.043812432334,17.125430372038643,0.03,2
P_021,59008.187186041265,17.034386383434548,0.03,1
P_021,59010.03445551805,17.03649764045778,0.03,1
P_021,59010.04006395389,17.08369271306675,0.03,2
P_021,59010.41372598517,17.170115227975344,0.03,2
P_021,59010.53336590273,17.06413319729833,0.03,1
P_021,59011.71490036869,17.071542492770664,0.03,1
P_021,59013.50312133374,17.18471248301577,0.03,1
P_021,59014.06264590869,17.103625692654035,0.03,1
P_021,59014.28971192132,17.101491962626888,0.03,2
P_021,59014.61085391721,17.048949603611078,0.03,2
P_021,59018.5412267576,17.104478489742394,0.03,1
P_021,59019.304002408266,17.131110318215832,0.03,1
P_021,59020.50524224845,17.09864267268408,0.03,2
P_021,59021.275842231786,17.139657842504317,0.03,1
P_021,59024.77147885922,17.117872637935278,0.03,1
P_021,59025.47678856522,17.15394185171977,0.03,1
P_021,59025.57333114632,17.14275864656985,0.03,1
P_021,59030.01925224173,17.09475648820648,0.03,1
P_021,59030.585821677596,17.144902418405643,0.03,1
P_021,59033.102399106465,17.19167500143691,0.03,2
P_021,59036.19152431293,17.116613368058427,0.03,2
P_021,59039.61440709983,17.04039060524656,0.03,2
P_021,59040.986725988034,17.110968257439914,0.03,2
P_021,59041.30213946627,17.091444224710514,0.03,1
P_021,59041.94497863197,17.23096142463776,0.03,1
P_021,59045.2521059716,17.13910471564393,0.03,2
P_021,59045.92809073673,17.045990870309698,0.03,1
P_021,59047.27861262424,17.091874243273633,0.03,2
P_021,59049.42786777472,17.17433728709338,0.03,2
P_021,59051.68493168588,17.04312553211962,0.03,1
P_021,59052.01055351419,17.07657287266224,0.03,2
P_021,59052.92460040319,17.10118102662656,0.03,1
P_021,59053.756021174406,17.093656834573437,0.03,1
P_021,59056.473035579955,17.071374139699717,0.03,1
P_021,59058.892192821906,17.10753586132667,0.03,2
P_021,59059.329820224586,17.03038668357502,0.03,2
P_021,59061.164416788124,17.071945874870725,0.03,2
P_021,59061.42076557979,17.070902894611223,0.03,2
P_021,59062.15046787655,17.08572692520993,0.03,1
P_021,59062.653451047525,17.085784041797574,0.03,2
P_021,59064.707396424325,17.100535389914512,0.03,1
P_021,59066.95761803791,17.083218278655856,0.03,1
P_021,59068.26451961672,17.07967966920363,0.03,1
P_021,59068.65604556303,17.11856640675427,0.03,2
P_021,59069.32331538557,17.145462745382417,0.03,1
P_021,59071.47903942974,17.14852891985273,0.03,1
P_021,59072.09023930548,17.04279444335613,0.03,2
P_021,59074.40469133639,17.112734179409177,0.03,1
P_021,59075.071671308215,17.1376956816972,0.03,1
P_021,59076.56199999633,17.086996065724996,0.03,2
P_021,59077.53865048189,17.123673592786606,0.03,1
P_021,59083.55964636921,17.089303881491528,0.03,2
P_021,59084.3146591782,17.11911752515035,0.03,2
P_021,59088.790018957305,17.024124584065103,0.03,1
P_022,59001.50656504656,17.207490156217723,0.03,1
P_022,59006.045779007814,17.134087972764085,0.03,1
P_022,59006.49744662343,17.22315040914789,0.03,1
P_022,59007.00959857949,17.136897511935857,0.03,1
P_022,59007.144747879705,17.257477496234866,0.03,1
P_022,59011.20704466205,17.146035375288257,0.03,2
P_022,59015.49052034115,17.1516887305301,0.03,2
P_022,59017.98820800745,17.237664921987232,0.03,1
P_022,59018.121280834435,17.211892042729893,0.03,1
P_022,59018.634370317144,17.131686637237074,0.03,1
P_022,59019.732124684415,17.20961910701835,0.03,2
P_022,59022.69968630577,17.179398178276976,0.03,2
P_022,59026.61471521796,17.180347452098232,0.03,2
P_022,59026.78930972605,17.210432998187738,0.03,2
P_022,59027.92407328656,17.21032069404601,0.03,1
P_022,59028.2565441272,17.230457867293644,0.03,2
P_022,59028.679624225275,17.203655731256056,0.03,1
P_022,59028.715055434564,17.195886070939466,0.03,2
P_022,59029.00274666187,17.174499623963847,0.03,1
P_022,59029.278149938255,17.254400328406494,0.03,2
P_022,59031.09238789052,17.140605162486946,0.03,2
P_022,59034.05381326392,17.27518363281674,0.03,1
P_022,59035.60908245147,17.288744010141336,0.03,1
P_022,59035.77930382203,17.288075285298984,0.03,1
P_022,59036.075982774695,17.172758765368858,0.03,2
P_022,59038.68836099067,17.284932410682046,0.03,2
P_022,59040.12395560394,17.23714677067075,0.03,1
P_022,59042.47089633865,17.23336528000302,0.03,2
P_022,59042.84505273473,17.34446514482266,0.03,1
P_022,59043.883504090605,17.18970669741775,0.03,1
P_022,59044.99288803726,17.20848672298195,0.03,1
P_022,59048.17439344063,17.116985212170174,0.03,2
P_022,59048.64964220905,17.068771172526873,0.03,2
P_022,59053.61680419296,17.194356635067496,0.03,2
P_022,59056.39614000564,17.20142163016183,0.03,2
P_022,59058.4080232637,17.21524695733756,0.03,2
P_022,59060.60678969452,17.195179036779088,0.03,1
P_022,59065.517924587555,17.08035929004044,0.03,1
P_022,59066.59957148063,17.198715637632304,0.03,2
P_022,59066.73450717775,17.236115074455533,0.03,2
P_022,59066.99380547756,17.25860463218745,0.03,2
P_022,59068.68385602374,17.132488662657746,0.03,2
P_022,59070.1145458956,17.13530168526471,0.03,2
P_022,59070.54221213323,17.145133336763738,0.03,2
P_022,59074.08476619878,17.14784587116902,0.03,1
P_022,59074.173936901774,17.09871146034355,0.03,2
P_022,59074.64035943004,17.145491382327922,0.03,2
P_022,59075.67881373437,17.258926575074227,0.03,1
P_022,59075.72384908181,17.12663237377408,0.03,2
P_022,59077.15941553054,17.086035243912633,0.03,2
P_022,59079.10638163436,17.16569994265863,0.03,2
P_022,59080.88955646025,17.15417269953348,0.03,2
P_022,59080.916879167125,17.21346911367999,0.03,2
P_022,59081.374452248354,17.142252970054834,0.03,1
P_022,59083.49693794762,17.170338812891902,0.03,2
P_022,59085.77553624822,17.137341556628048,0.03,2
P_022,59085.837717970084,17.130643739609283,0.03,1
P_022,59086.38445158945,17.197849809232313,0.03,2
P_022,59086.7463557037,17.185440768530132,0.03,2
P_022,59087.73796841455,17.176601441975325,0.03,2
P_023,59001.371505421244,17.013789594019332,0.03,2
P_023,59001.97335629341,17.01830124871418,0.03,2
P_023,59003.956484550064,16.98060082811759,0.03,2
P_023,59004.59694355841,16.984065381230824,0.03,1
P_023,59006.286400819656,17.02495863197901,0.03,1
P_023,59009.75697762101,17.0563902719033,0.03,1
P_023,59010.65320892621,17.032052302183853,0.03,1
P_023,59014.36537132174,16.9080567405922,0.03,1
P_023,59015.94433400774,17.035360746873085,0.03,2
P_023,59017.688668102914,17.010509019379555,0.03,1
P_023,59021.718646327245,16.980460002216226,0.03,2
P_023,59022.52729053191,17.01741877663371,0.03,2
P_023,59024.35076682717,17.05560983868157,0.03,1
P_023,59024.92366476747,17.017369006051393,0.03,2
P_023,59025.13139736084,16.973670724304164,0.03,2
P_023,59026.65326585644,17.179340211791203,0.03,2
P_023,59028.68972047011,16.97828071677798,0.03,1
P_023,59029.03543600722,17.033567287904454,0.03,2
P_023,59029.292544989126,17.073704124180566,0.03,1
P_023,59031.13367842464,16.96663266905691,0.03,2
P_023,59032.62524537848,17.03784231756625,0.03,1
P_023,59033.48068308128,16.967251197547252,0.03,1
P_023,59033.665305392926,16.996665968369783,0.03,2
P_023,59034.11599550753,16.971767592382374,0.03,1
P_023,59040.562542065156,17.098876822336948,0.03,2
P_023,59042.30845328261,16.9406080681748,0.03,1
P_023,59043.35566277308,17.03606640166269,0.03,2
P_023,59046.621443184835,17.011844832376607,0.03,2
P_023,59048.69212597356,16.910015394778362,0.03,2
P_023,59048.77980306268,17.097479654967522,0.03,1
P_023,59049.05314801867,16.98130323508239,0.03,1
P_023,59050.60527340093,16.99680207335599,0.03,2
P_023,59051.26832394882,17.020936971443227,0.03,2
P_023,59053.30001310133,16.964240492635902,0.03,2
P_023,59055.0039760016,16.97087530494591,0.03,1
P_023,59055.78294425597,17.008103019176247,0.03,1
P_023,59058.45750965186,16.965602013397536,0.03,1
P_023,59059.04550567719,17.014916660596754,0.03,2
P_023,59059.22051764907,17.073859350813787,0.03,1
P_023,59060.816338946875,16.95879078672884,0.03,2
P_023,59061.22262541997,16.930081698403956,0.03,2
P_023,59062.95013680526,17.00326510847549,0.03,2
P_023,59064.2790923886,17.030172270104085,0.03,1
P_023,59064.777512829176,17.043712081683147,0.03,2
P_023,59065.62781833685,16.95465557446851,0.03,1
P_023,59067.510618875895,16.891168643616922,0.03,1
P_023,59067.656905568714,17.05421020802727,0.03,2
P_023,59070.180551737714,17.045810492872118,0.03,2
P_023,59081.0695597111,17.08610013327604,0.03,1
P_023,59081.52777732524,16.961276960756592,0.03,2
P_023,59081.5378371216,17.038265226015987,0.03,2
P_023,59081.584410154435,17.06063769720971,0.03,2
P_023,59082.86104816435,16.917312646064858,0.03,2
P_023,59084.70064805538,17.063068652819712,0.03,1
P_023,59086.08940598826,17.081895283716456,0.03,2
P_023,59086.481679470875,17.039102295931972,0.03,2
P_023,59088.28448016541,17.03701967402225,0.03,2
P_023,59089.64736866694,17.04721055309911,0.03,2
P_023,59089.64966125274,16.996773613475764,0.03,1
P_023,59089.95530583067,16.937504873423997,0.03,2
P_024,59000.259856928045,17.840032833304658,0.03,2
P_024,59000.691120892036,17.77643950954358,0.03,1
P_024,59001.01645172794,17.746456810127103,0.03,1
P_024,59001.479589966795,17.781081196251517,0.03,1
P_024,59002.19125861978,17.686506208438825,0.03,1
P_024,59003.51938558652,17.744266163892796,0.03,1
P_024,59005.62174124826,17.79208086829905,0.03,2
P_024,59005.9838502146,17.850689269007272,0.03,1
P_024,59006.102177645655,17.778627603578954,0.03,2
P_024,59007.491456250544,17.80258412292077,0.03,1
P_024,59011.21171574589,17.76809134101927,0.03,1
P_024,59011.962954880066,17.825927216501096,0.03,2
P_024,59013.41010069974,17.762873335891634,0.03,1
P_024,59015.21696296889,17.80590758609407,0.03,2
P_024,59017.012648532225,17.76613678141614,0.03,1
P_024,59017.68658097003,17.734497454436372,0.03,2
P_024,59022.37723282038,17.733236509189926,0.03,2
P_024,59024.44372498232,17.75066711238931,0.03,2
P_024,59024.814100337564,17.84097567768575,0.03,1
P_024,59025.34547860364,17.942645960480373,0.03,2
P_024,59026.21239303874,17.772942019044923,0.03,1
P_024,59026.36831455278,17.74612655988986,0.03,2
P_024,59026.80796036489,17.809679222144133,0.03,2
P_024,59028.74317005279,17.807546118213246,0.03,1
P_024,59029.1039494192,17.756596829119417,0.03,2
P_024,59029.58090821804,17.879255209411824,0.03,1
P_024,59030.59099689983,17.82703567795395,0.03,1
P_024,59031.77051201607,17.83049436083258,0.03,2
P_024,59034.42026685503,17.786589526633946,0.03,1
P_024,59037.668955523695,17.789938156904874,0.03,1
P_024,59045.239933383105,17.8321758164362,0.03,2
P_024,59049.328183654936,17.713807268026276,0.03,2
P_024,59051.33889547949,17.743206394003494,0.03,2
P_024,59051.36056381331,17.78799474627246,0.03,1
P_024,59051.54313342393,17.71031349377547,0.03,2
P_024,59055.51504483962,17.865856668676035,0.03,2
P_024,59055.72624204102,17.752465679848306,0.03,1
P_024,59055.802482749124,17.762178909684472,0.03,1
P_024,59057.36352472923,17.799908307320557,0.03,1
P_024,59057.61201827368,17.8591587892367,0.03,1
P_024,59057.96838205631,17.781562585324085,0.03,1
P_024,59058.287569601256,17.74529846875578,0.03,2
P_024,59058.747266942024,17.737013790472623,0.03,1
P_024,59060.80623200042,17.795351677976047,0.03,1
P_024,59060.80743366595,17.754717825702006,0.03,1
P_024,59061.2437896914,17.90246081462712,0.03,1
P_024,59061.42272791861,17.846679497381203,0.03,2
P_024,59062.15602428395,17.625271321929866,0.03,2
P_024,59067.28042435494,17.737232709631876,0.03,2
P_024,59068.76512092099,17.801383635046797,0.03,1
P_024,59069.35778840224,17.89946244067354,0.03,2
P_024,59071.443154911394,17.68275123071049,0.03,1
P_024,59077.13806625575,17.76157331721351,0.03,1
P_024,59083.852238056585,17.843980397772256,0.03,1
P_024,59083.98336083972,17.749045929447284,0.03,2
P_024,59084.70925438769,17.787291305214694,0.03,1
P_024,59084.89148459555,17.75869691884898,0.03,1
P_024,59085.896143455386,17.817299329888893,0.03,1
P_024,59087.6395917324,17.72876016528259,0.03,2
P_024,59088.34421932218,17.78487011826276,0.03,1
P_025,59000.795740999965,16.67141170608113,0.03,2
P_025,59002.1783986621,16.759572653716067,0.03,1
P_025,59005.51025324128,16.610220626861544,0.03,2
P_025,59007.80818299629,16.64775683955526,0.03,1
P_025,59011.59198434726,16.63603916597206,0.03,2
P_025,59012.06860106005,16.730824147625544,0.03,1
P_025,59012.744233714875,16.65273291811218,0.03,2
P_025,59013.444268783845,16.595696753366717,0.03,2
P_025,59015.83551516975,16.584701222377138,0.03,1
P_025,59016.12398221716,16.702715161523603,0.03,2
P_025,59022.84424593281,16.60560719831171,0.03,1
P_025,59025.24472317252,16.742131756033263,0.03,1
P_025,59026.41369364781,16.740215659742564,0.03,2
P_025,59028.10506597448,16.63031598472259,0.03,1
P_025,59028.13380355717,16.669951929569045,0.03,2
P_025,59031.36439598258,16.687907011064326,0.03,1
P_025,59032.33844179174,16.61209122262711,0.03,1
P_025,59036.219070881016,16.624959736396015,0.03,2
P_025,59037.186979514416,16.65489597862126,0.03,2
P_025,59038.13689945888,16.68463475961089,0.03,2
P_025,59041.55793560892,16.700125277170528,0.03,2
P_025,59041.81333067278,16.592477751371263,0.03,1
P_025,59042.606305209054,16.698288491158664,0.03,1
P_025,59043.44738078111,16.680499190160972,0.03,2
P_025,59044.42597986311,16.67296921616378,0.03,1
P_025,59044.55059880613,16.663147245884648,0.03,2
P_025,59050.22309183774,16.73754362212184,0.03,2
P_025,59051.01249492057,16.7642426816731,0.03,1
P_025,59051.799278531966,16.663241814864612,0.03,1
P_025,59052.69621458435,16.677584164854192,0.03,2
P_025,59053.034343419604,16.60672897494311,0.03,1
P_025,59053.24878991613,16.66593790887084,0.03,1
P_025,59057.10222295339,16.720449978339417,0.03,1
P_025,59058.415722203674,16.68104420151714,0.03,1
P_025,59058.43151371656,16.703973174823222,0.03,2
P_025,59061.62213430765,16.6807180234879,0.03,2
P_025,59061.7851777279,16.691235414849622,0.03,1
P_025,59062.02802068298,16.719742485213143,0.03,1
P_025,59062.034450084735,16.724815289063596,0.03,1
P_025,59062.873340050864,16.589365365966614,0.03,1
P_025,59063.36769879125,16.67607035474718,0.03,2
P_025,59063.7771681707,16.54160202050296,0.03,2
P_025,59064.46234636673,16.687884110420747,0.03,1
P_025,59066.888804887225,16.660032833088916,0.03,2
P_025,59067.48802821965,16.657773846651118,0.03,2
P_025,59069.130143624694,16.765458859414824,0.03,2
P_025,59069.77566710747,16.705497188185824,0.03,2
P_025,59070.83928447011,16.744242263282732,0.03,2
P_025,59071.20430466168,16.719125702711885,0.03,2
P_025,59071.48834993691,16.77214632080236,0.03,1
P_025,59076.00515447906,16.67571738063947,0.03,2
P_025,59077.97018058302,16.675367557199994,0.03,1
P_025,59078.33389632943,16.68351141798851,0.03,2
P_025,59078.837053577954,16.810537476069467,0.03,1
P_025,59079.85621002739,16.666390007619572,0.03,1
P_025,59079.9368934669,16.689555464979925,0.03,2
P_025,59081.58903718976,16.75697268203552,0.03,1
P_025,59082.596847214896,16.734439895828068,0.03,2
P_025,59083.55504884136,16.663527596624164,0.03,2
P_025,59085.58720707976,16.775542741202695,0.03,2
P_026,59001.057924104236,17.396650706023394,0.03,1
P_026,59002.950196648744,17.29400128729106,0.03,2
P_026,59003.672209619835,17.244965055977758,0.03,2
P_026,59006.315052740545,17.232946193584826,0.03,2
P_026,59006.91795674872,17.369514910410764,0.03,2
P_026,59007.02891023901,17.349293794070864,0.03,2
P_026,59007.04778875035,17.42140405570787,0.03,1
P_026,59009.96716671352,17.377567916349633,0.03,2
P_026,59013.03681497508,17.43192700588953,0.03,1
P_026,59015.3483514259,17.39779325154025,0.03,1
P_026,59015.60619704796,17.306620659611195,0.03,1
P_026,59020.220516961446,17.344635347589584,0.03,2
P_026,59024.289845383966,17.31160559336881,0.03,1
P_026,59024.69789765157,17.338050081764333,0.03,2
P_026,59026.760833164415,17.327984305626053,0.03,1
P_026,59026.96134163179,17.34213169833657,0.03,1
P_026,59032.170929679545,17.421665357672985,0.03,1
P_026,59032.294155205556,17.32607012458372,0.03,2
P_026,59032.44588612685,17.293900989368822,0.03,2
P_026,59034.313798992196,17.322063398713407,0.03,2
P_026,59034.61114166539,17.32977684410499,0.03,1
P_026,59035.833071957066,17.324536193365446,0.03,1
P_026,59035.86592015189,17.345232463252344,0.03,1
P_026,59036.290644617424,17.3321948324327,0.03,2
P_026,59036.64591401267,17.409466745201016,0.03,1
P_026,59037.78706734219,17.39947773792611,0.03,2
P_026,59038.807151325476,17.315728179586003,0.03,2
P_026,59039.689577966245,17.403188621302704,0.03,2
P_026,59040.704133999985,17.42404882665389,0.03,2
P_026,59041.18837804016,17.354301029330724,0.03,2
P_026,59041.20386195856,17.31192582143423,0.03,2
P_026,59041.31133466547,17.37599196950361,0.03,2
P_026,59042.14791374556,17.350267586723536,0.03,1
P_026,59045.85906162501,17.371147062339006,0.03,1
P_026,59046.7427288183,17.30125502567762,0.03,2
P_026,59046.9567159833,17.459265558467962,0.03,2
P_026,59047.843222013435,17.34459415932252,0.03,2
P_026,59048.59096134681,17.3810184705914,0.03,1
P_026,59052.486135804975,17.3247860302904,0.03,1
P_026,59054.8255328928,17.36242391829388,0.03,2
P_026,59055.15962477141,17.240021462682897,0.03,2
P_026,59055.1793228442,17.289671475878,0.03,2
P_026,59055.85317652821,17.231187832256467,0.03,2
P_026,59060.16796203477,17.404340581518213,0.03,2
P_026,59062.00426650276,17.2855354343662,0.03,2
P_026,59063.34662491487,17.277108894638445,0.03,1
P_026,59066.651524011046,17.4115365768643,0.03,2
P_026,59066.83413962012,17.330649097808823,0.03,1
P_026,59069.02090545229,17.34695019524732,0.03,2
P_026,59069.67170294143,17.409084226490634,0.03,2
P_026,59070.431417124,17.379987217980606,0.03,2
P_026,59072.48844066111,17.37116105124314,0.03,2
P_026,59074.294485979925,17.38833139320176,0.03,2
P_026,59076.36432903462,17.258178726232074,0.03,2
P_026,59076.8203975636,17.420362794019628,0.03,1
P_026,59077.86625554726,17.42219787349324,0.03,1
P_026,59080.784031059644,17.44824542460905,0.03,1
P_026,59084.195907130415,17.250978962143403,0.03,2
P_026,59085.02327127397,17.313326407200595,0.03,2
P_026,59089.18326619849,17.327761503893736,0.03,2
P_027,59002.34074298176,17.846821648875512,0.03,1
P_027,59003.990160869085,17.908789859576707,0.03,1
P_027,59004.139852117005,17.90188704239538,0.03,2
P_027,59005.61425800404,17.803321775150742,0.03,2
P_027,59006.174913387695,17.879316985049233,0.03,2
P_027,59007.6500478222,17.884445117936636,0.03,1
P_027,59007.983635724995,17.857937224409746,0.03,1
P_027,59008.028910395675,17.771839180583765,0.03,2
P_027,59008.74825226838,17.87495369252333,0.03,1
P_027,59009.454143679955,17.84490806572191,0.03,2
P_027,59012.03993515773,17.920680877070076,0.03,2
P_027,59013.73685526104,17.8076718443987,0.03,1
P_027,59015.80149400507,17.91002163963027,0.03,1
P_027,59017.7946716924,17.867722734947705,0.03,2
P_027,59018.722562628325,17.988031197185286,0.03,2
P_027,59018.94088313733,17.810490446911057,0.03,1
P_027,59019.29598331905,17.908674768180887,0.03,2
P_027,59020.02026449521,17.8341352632613,0.03,1
P_027,59023.33387229835,17.81342582270268,0.03,1
P_027,59023.979388790496,17.91466955623075,0.03,2
P_027,59025.098101559386,17.89103407005052,0.03,2
P_027,59028.93866508894,17.91330617837947,0.03,2
P_027,59033.36703364273,17.780402103920068,0.03,2
P_027,59035.78340785787,17.80095507804639,0.03,1
P_027,59036.55006707923,17.89034552768515,0.03,1
P_027,59039.90643574141,17.818565377172387,0.03,1
P_027,59040.06036370113,17.926984266124638,0.03,2
P_027,59040.2873996621,17.944420800816776,0.03,1
P_027,59045.808887470565,17.8546931797429,0.03,2
P_027,59046.391015984256,17.862804416084042,0.03,2
P_027,59046.76918551486,17.862603248586854,0.03,1
P_027,59048.163917269296,17.84668137064674,0.03,2
P_027,59048.30952941916,17.8594371605092,0.03,2
P_027,59048.79348457776,17.849676993332814,0.03,1
P_027,59052.839258590146,17.882729997144054,0.03,2
P_027,59057.618244260324,17.844654208001376,0.03,1
P_027,59058.472851899256,17.83526715203576,0.03,2
P_027,59061.130428366676,17.846327521469355,0.03,1
P_027,59061.19069532059,17.830716403881702,0.03,1
P_027,59062.80851798459,17.85729875752085,0.03,1
P_027,59063.377998576354,17.888290343734596,0.03,1
P_027,59066.35494512883,17.96413789691675,0.03,2
P_027,59069.01413879927,17.77989229789125,0.03,1
P_027,59071.068765130105,17.792428869582793,0.03,2
P_027,59073.28732043806,17.857910321798602,0.03,2
P_027,59075.48887556847,17.862908267418707,0.03,2
P_027,59076.021297137224,17.859084661659924,0.03,2
P_027,59076.234605722595,17.954941191789768,0.03,2
P_027,59077.790213145694,17.770042014536422,0.03,2
P_027,59078.38695810298,17.853575788662717,0.03,1
P_027,59078.567409704374,17.79770133652443,0.03,2
P_027,59078.92013199023,17.846204383596007,0.03,2
P_027,59079.97005259324,17.887066274897087,0.03,1
P_027,59080.68982356052,17.78915086467127,0.03,2
P_027,59081.92694372134,17.91251885380763,0.03,1
P_027,59085.96372705435,17.819025606320587,0.03,2
P_027,59087.66447494596,17.80892307865694,0.03,2
P_027,59087.66462057335,17.779038397360647,0.03,1
P_027,59087.98194507886,17.826342560081535,0.03,2
P_027,59089.667137470016,17.824227695244087,0.03,1
P_028,59003.99584444956,16.916250046772113,0.03,2
P_028,59004.269529632584,16.968703884130818,0.03,1
P_028,59008.76968434866,16.908983875306106,0.03,2
P_028,59010.91703487466,16.94430937940279,0.03,2
P_028,59012.256291743266,16.913557461413564,0.03,2
P_028,59012.95273379352,16.892029598701686,0.03,1
P_028,59013.90509621789,16.858407437284527,0.03,1
P_028,59017.313843837146,16.869340519190665,0.03,1
P_028,59018.219544019106,16.907683151571618,0.03,2
P_028,59018.73902802596,16.926390999335435,0.03,1
P_028,59018.84785007479,16.798212251504886,0.03,1
P_028,59019.484505949156,16.8841137969402,0.03,2
P_028,59019.5823470411,16.93354087269359,0.03,2
P_028,59020.54768161301,16.896351152109403,0.03,1
P_028,59021.26628309181,16.848981759434256,0.03,2
P_028,59021.29443132055,16.853386488496312,0.03,2
P_028,59021.9326939609,16.98809271649875,0.03,2
P_028,59022.97819500398,16.82411788488977,0.03,2
P_028,59024.04293729246,16.887056246361112,0.03,2
P_028,59026.179132377525,16.944918268052053,0.03,1
P_028,59026.18985311238,16.80367932511118,0.03,2
P_028,59027.47652051726,16.937104992881792,0.03,2
P_028,59027.63194423005,16.82562504739937,0.03,2
P_028,59027.78414455421,16.95373683697794,0.03,1
P_028,59029.55916025047,17.036511648161245,0.03,1
P_028,59034.55920811663,16.840653180481837,0.03,1
P_028,59035.511552464275,16.89981287180788,0.03,1
P_028,59036.083136105524,16.921551619382978,0.03,2
P_028,59037.28440849666,16.874663769058554,0.03,2
P_028,59037.905952915,16.930486747022428,0.03,1
P_028,59041.77938006069,16.86752665122446,0.03,1
P_028,59043.33207471565,16.874863926168633,0.03,2
P_028,59044.16081901005,16.862296790246898,0.03,1
P_028,59046.7533603291,16.900516173436486,0.03,1
P_028,59046.79102204222,16.926788688251264,0.03,2
P_028,59047.73271546205,16.95168838592977,0.03,1
P_028,59049.49633199392,16.897599486129195,0.03,2
P_028,59049.8134560151,16.849432134303676,0.03,1
P_028,59051.30909193023,16.878786535281858,0.03,1
P_028,59051.39970416246,16.877148938936916,0.03,2
P_028,59052.077223388944,16.88331629212747,0.03,1
P_028,59053.81537936481,16.93200162908656,0.03,1
P_028,59054.38046427631,16.895806834380863,0.03,1
P_028,59056.38150124989,16.907389827683726,0.03,1
P_028,59062.47707290108,16.90520935577299,0.03,1
P_028,59066.51247896164,16.898076104580877,0.03,1
P_028,59067.949465369136,16.878890173599622,0.03,1
P_028,59067.97629868577,16.938928489203132,0.03,2
P_028,59069.4685612172,16.897915679788323,0.03,2
P_028,59069.95432551123,16.896690155546988,0.03,1
P_028,59070.47534711318,16.846175294610713,0.03,1
P_028,59070.481724596255,16.86692331076327,0.03,1
P_028,59071.965901814925,16.87206422839837,0.03,2
P_028,59072.449654424614,16.930332461319907,0.03,1
P_028,59073.02571952086,16.81413758371829,0.03,1
P_028,59074.83238700972,16.938193433028133,0.03,1
P_028,59079.02626815304,16.907707973539488,0.03,1
P_028,59081.34084465295,16.86589076711264,0.03,2
P_028,59085.64982328222,16.858765390769328,0.03,2
P_028,59089.62447272749,16.926722585352525,0.03,1
P_029,59000.02818012269,16.378314188923074,0.03,2
P_029,59001.40543293546,16.336600062696725,0.03,1
P_029,59004.328835471664,16.373978497223998,0.03,1
P_029,59005.5494515123,16.356368130908038,0.03,2
P_029,59006.92694849975,16.28175102054254,0.03,2
P_029,59007.279466869804,16.34954361607688,0.03,1
P_029,59009.8644566627,16.372328519303643,0.03,2
P_029,59014.15084070124,16.35400784317917,0.03,2
P_029,59014.50676088005,16.309498208852126,0.03,1
P_029,59014.56067863219,16.294558492294065,0.03,1
P_029,59022.32267315912,16.432613310764502,0.03,1
P_029,59025.19187157974,16.327531336607365,0.03,2
P_029,59025.33046507073,16.34130043008388,0.03,2
P_029,59025.48894910563,16.24386909980987,0.03,2
P_029,59026.427919210044,16.348134450189132,0.03,2
P_029,59027.52357629216,16.326341501041465,0.03,2
P_029,59028.70740350293,16.270904173937293,0.03,1
P_029,59031.22394678749,16.37846952939319,0.03,2
P_029,59031.26022215185,16.313858882716385,0.03,2
P_029,59031.644458451345,16.346403365050172,0.03,2
P_029,59032.482752596596,16.337022930501448,0.03,2
P_029,59033.039664714976,16.279033635340678,0.03,1
P_029,59038.78088895013,16.328463331414145,0.03,1
P_029,59044.012729818176,16.3832033952388,0.03,2
P_029,59045.22833112987,16.258709205551988,0.03,1
P_029,59045.72947348973,16.26215378077247,0.03,1
P_029,59046.99739660337,16.268408476852823,0.03,1
P_029,59048.46363535753,16.35101349985028,0.03,1
P_029,59048.70982080815,16.290871927886954,0.03,1
P_029,59049.650804682446,16.32868966180708,0.03,2
P_029,59052.72681702187,16.371083815895325,0.03,1
P_029,59053.58059718565,16.257689572977156,0.03,2
P_029,59056.68038436662,16.387631623829403,0.03,1
P_029,59059.20218371,16.315403655260607,0.03,1
P_029,59061.83871079788,16.305188180364535,0.03,2
P_029,59063.33918246913,16.390425979987665,0.03,1
P_029,59065.17776945256,16.336799704288914,0.03,1
P_029,59065.845087267,16.248174147916206,0.03,1
P_029,59067.505947907586,16.310975031577524,0.03,1
P_029,59068.27231845691,16.275359270780644,0.03,1
P_029,59068.623460607545,16.32721796415231,0.03,2
P_029,59070.168564562126,16.29041787119297,0.03,1
P_029,59070.49549884804,16.296966569969168,0.03,2
P_029,59072.66394137787,16.361864230085374,0.03,1
P_029,59072.85150094109,16.22925043014297,0.03,1
P_029,59073.85726339845,16.327970737049423,0.03,1
P_029,59074.52440625186,16.30223213304793,0.03,2
P_029,59077.15407561619,16.330082579918376,0.03,1
P_029,59081.37340108851,16.195347524892323,0.03,2
P_029,59081.698887507024,16.26619612867784,0.03,2
P_029,59081.88980991389,16.293530933777262,0.03,2
P_029,59083.09277181796,16.396541532737732,0.03,2
P_029,59084.30424628983,16.25111383959769,0.03,2
P_029,59085.79651446542,16.257706766562954,0.03,1
P_029,59086.24876026686,16.304337212227786,0.03,1
P_029,59086.64826875446,16.329796908222992,0.03,2
P_029,59086.7868509859,16.28326166690996,0.03,1
P_029,59087.59632084829,16.31820950982424,0.03,1
P_029,59088.01400622828,16.232127216749515,0.03,2
P_029,59088.26626906399,16.398384041835556,0.03,1
P_030,59001.83381136492,17.08646867055187,0.03,2
P_030,59002.9867909073,17.151343940993602,0.03,1
P_030,59003.48653427821,17.059633289264863,0.03,2
P_030,59007.139848453124,17.084229680230244,0.03,2
P_030,59008.55655290566,17.080016561334958,0.03,2
P_030,59010.29648335152,17.051718777541446,0.03,1
P_030,59011.619215747516,17.015153152619323,0.03,2
P_030,59012.01673031107,17.041645574975878,0.03,2
P_030,59012.6395152013,16.994195272793405,0.03,2
P_030,59013.666462957386,17.127239675571236,0.03,2
P_030,59014.414094404165,17.080713417610713,0.03,1
P_030,59017.72550104805,17.08409946966139,0.03,2
P_030,59019.59902424989,17.060569812859725,0.03,2
P_030,59021.92050246431,17.136872308057097,0.03,2
P_030,59023.8125156632,17.046971420391827,0.03,1
P_030,59024.343183403915,17.173521058073707,0.03,1
P_030,59025.45055239161,17.143535318739882,0.03,2
P_030,59026.66165119151,17.0543294547875,0.03,2
P_030,59030.07262408437,17.079257370441873,0.03,1
P_030,59030.92172199198,17.12074185756836,0.03,1
P_030,59032.016246333405,17.151856057455575,0.03,2
P_030,59033.232135544036,17.049671942316444,0.03,2
P_030,59033.35429009401,17.06433529186336,0.03,2
P_030,59034.215275346105,17.214533477402938,0.03,1
P_030,59038.32855024172,17.13526387942348,0.03,2
P_030,59042.25322126333,17.13411008362623,0.03,1
P_030,59044.3953629922,17.18596640599619,0.03,2
P_030,59047.57819032276,17.11157806675775,0.03,2
P_030,59049.72574541521,17.066472768782422,0.03,2
P_030,59050.04863292383,17.00283971348639,0.03,1
P_030,59050.169760752986,17.13237540137999,0.03,2
P_030,59050.517112475085,17.032616980147036,0.03,2
P_030,59051.19737644083,17.122823180803845,0.03,1
P_030,59052.28363292869,16.990543628115393,0.03,2
P_030,59052.83389609209,17.06556754552379,0.03,1
P_030,59054.48552312869,17.08838689552337,0.03,2
P_030,59054.92290050559,17.026709079559318,0.03,2
P_030,59056.109885893886,17.06194508737801,0.03,2
P_030,59057.839599331564,17.04769551567812,0.03,2
P_030,59058.987132475115,17.09577497584903,0.03,1
P_030,59060.38211177771,17.026332388785395,0.03,2
P_030,59063.89441407072,17.076182324568162,0.03,1
P_030,59064.04510103592,17.1579922664,0.03,1
P_030,59065.49189184527,17.15932664520249,0.03,2
P_030,59066.57318643893,17.18380519469337,0.03,1
P_030,59067.04598058263,17.11004513266794,0.03,1
P_030,59068.32172715622,17.068929854907406,0.03,2
P_030,59069.2201978637,17.105717765455406,0.03,1
P_030,59069.774663454475,17.124803106136508,0.03,1
P_030,59069.904594371685,17.103280692766855,0.03,2
P_030,59070.62647354837,17.161797871254578,0.03,1
P_030,59071.34311205471,17.05640681721865,0.03,1
P_030,59073.351812663306,17.078928046863425,0.03,1
P_030,59073.70624553142,17.01329639236653,0.03,1
P_030,59074.80938117338,17.068237246939603,0.03,2
P_030,59077.03108921597,17.151284487875643,0.03,2
P_030,59077.45502239254,17.091908240932472,0.03,1
P_030,59080.472112843585,17.126687605832252,0.03,2
P_030,59086.008700234655,17.110666638579275,0.03,1
P_030,59086.13410659873,17.137500586384988,0.03,1
P_031,59000.785385423995,18.680672537306354,0.03,2
P_031,59004.0450138566,18.75421747199608,0.03,2
P_031,59007.275943541776,18.732772543608686,0.03,1
P_031,59008.01998649704,18.661301326005844,0.03,2
P_031,59012.33347345629,18.712285513650148,0.03,2
P_031,59014.89230246386,18.66021293361075,0.03,1
P_031,59014.9677512924,18.68274515805166,0.03,2
P_031,59015.56698542526,18.741111758011513,0.03,2
P_031,59015.620967969706,18.664677029013916,0.03,2
P_031,59017.247941402704,18.663574933121193,0.03,2
P_031,59020.712947535474,18.74491221648479,0.03,1
P_031,59021.61102328641,18.675513022445887,0.03,1
P_031,59022.01335016527,18.71234201677907,0.03,2
P_031,59022.6111810035,18.71340374080559,0.03,1
P_031,59022.64081484524,18.71793111464073,0.03,1
P_031,59023.233562994676,18.745114067119395,0.03,1
P_031,59027.55660307641,18.7043460594855,0.03,1
P_031,59028.04858820403,18.687201198022223,0.03,2
P_031,59028.87391851507,18.702891072500744,0.03,1
P_031,59029.1510965152,18.78438164384349,0.03,1
P_031,59030.12932801831,18.772753329743608,0.03,1
P_031,59030.130416881504,18.72338989162068,0.03,1
P_031,59030.13762062301,18.78775288673063,0.03,2
P_031,59030.20863717765,18.761672491852803,0.03,2
P_031,59030.68577243872,18.67235484617887,0.03,2
P_031,59033.26306564341,18.801902282540073,0.03,2
P_031,59033.531368798336,18.866497276912025,0.03,1
P_031,59033.94491249969,18.744335041614026,0.03,2
P_031,59036.314711477855,18.644949553232347,0.03,1
P_031,59036.32114727622,18.80134432719193,0.03,2
P_031,59038.79743183778,18.756691149299765,0.03,2
P_031,59039.93411909281,18.720770864877544,0.03,2
P_031,59039.97828415723,18.624227495002284,0.03,2
P_031,59041.01661614272,18.720936573219692,0.03,1
P_031,59041.01944651805,18.711084274637297,0.03,1
P_031,59042.422982335076,18.710298047797945,0.03,2
P_031,59042.84805411943,18.705012489052795,0.03,1
P_031,59042.98252347854,18.774334310949563,0.03,1
P_031,59043.17298539302,18.705033443643725,0.03,2
P_031,59045.23895363616,18.747770484277336,0.03,2
P_031,59050.02266045693,18.63059502143165,0.03,1
P_031,59050.80493803521,18.676606026214394,0.03,1
P_031,59052.02847591883,18.725791375586862,0.03,1
P_031,59058.40633094645,18.681474477921906,0.03,1
P_031,59060.70024176114,18.72808982138713,0.03,2
P_031,59061.472922759305,18.723702912153932,0.03,1
P_031,59062.8580888415,18.735689506730214,0.03,1
P_031,59067.74858346793,18.70968080534802,0.03,1
P_031,59068.11152570765,18.758227475893126,0.03,2
P_031,59068.12178317958,18.658004198071968,0.03,1
P_031,59068.768310708874,18.706230485525527,0.03,2
P_031,59069.613853636794,18.802741079100056,0.03,2
P_031,59070.433941825875,18.705381645688753,0.03,2
P_031,59072.20909937653,18.803183826563753,0.03,2
P_031,59074.97690434949,18.74380883688047,0.03,1
P_031,59075.66834689566,18.714359487263867,0.03,1
P_031,59077.04465878965,18.73082667618527,0.03,1
P_031,59080.58549108174,18.806440188920924,0.03,2
P_031,59084.815817562725,18.710575698543042,0.03,2
P_031,59085.839116906514,18.67060226796705,0.03,1
P_032,59003.435859448844,17.560449784469412,0.03,2
P_032,59003.76341743587,17.622023598760407,0.03,2
P_032,59004.92135862115,17.722825627970895,0.03,2
P_032,59004.97569060799,17.63687649728041,0.03,1
P_032,59005.279947574054,17.607971947697834,0.03,2
P_032,59005.55041945776,17.676711556698567,0.03,2
P_032,59008.732654696396,17.617846408959657,0.03,1
P_032,59010.79097760523,17.611396783734687,0.03,2
P_032,59011.90854964221,17.563866074910546,0.03,1
P_032,59013.08918202716,17.556222248821822,0.03,1
P_032,59013.92289280194,17.66282960203048,0.03,2
P_032,59015.13145964472,17.648916639621454,0.03,2
P_032,59015.3022450523,17.643922879801618,0.03,2
P_032,59016.09312065713,17.67662919791295,0.03,1
P_032,59020.07368744929,17.619058981873113,0.03,2
P_032,59021.2186173576,17.642964222978918,0.03,2
P_032,59022.93873632592,17.598613595188944,0.03,1
P_032,59024.03491944645,17.598931152710282,0.03,1
P_032,59024.2847166665,17.604550067711667,0.03,1
P_032,59025.63201654228,17.690357286954477,0.03,1
P_032,59025.796820538984,17.677325209812366,0.03,2
P_032,59026.080447209126,17.591623240058404,0.03,2
P_032,59026.45585821473,17.6260326552708,0.03,1
P_032,59028.88711577039,17.647978439964557,0.03,2
P_032,59030.025957928505,17.601676752151057,0.03,1
P_032,59035.0247673862,17.67573205948017,0.03,1
P_032,59036.189805512724,17.602653265175974,0.03,1
P_032,59036.74910297548,17.62516156335463,0.03,2
P_032,59037.12680737468,17.625170865347602,0.03,2
P_032,59040.212604003835,17.549587096787043,0.03,2
P_032,59041.725442566116,17.55432179108082,0.03,2
P_032,59042.20222736406,17.598736764742263,0.03,1
P_032,59042.62327639175,17.70113132062485,0.03,1
P_032,59044.26714880347,17.67091373764507,0.03,1
P_032,59045.89519698107,17.664418775364993,0.03,1
P_032,59046.094953871136,17.610571038067295,0.03,2
P_032,59049.380527671325,17.618449574315573,0.03,1
P_032,59050.47093269228,17.644059271571386,0.03,2
P_032,59050.723701882765,17.655278975153102,0.03,1
P_032,59050.80910991984,17.56575226715266,0.03,2
P_032,59054.331471751204,17.60624031495811,0.03,2
P_032,59058.86002710055,17.603372583207467,0.03,1
P_032,59064.05541021036,17.70733632792999,0.03,2
P_032,59064.68344646378,17.614502858432676,0.03,2
P_032,59067.90310876705,17.60084275473384,0.03,2
P_032,59068.00083066039,17.682472152762596,0.03,2
P_032,59068.084862906944,17.61964697544152,0.03,1
P_032,59070.702248751564,17.68823373757128,0.03,2
P_032,59070.75158394314,17.593366749787165,0.03,1
P_032,59070.99969758071,17.73584052000021,0.03,2
P_032,59072.31946936243,17.637538819629253,0.03,2
P_032,59073.93847006685,17.64858382778767,0.03,1
P_032,59080.28153036774,17.62970107173916,0.03,1
P_032,59080.65956518567,17.639275388881263,0.03,2
P_032,59081.559982050574,17.64262683421328,0.03,1
P_032,59081.765974468406,17.625129484992858,0.03,2
P_032,59082.25370059168,17.703670830187402,0.03,1
P_032,59084.908826819876,17.528918168447714,0.03,2
P_032,59087.48797229037,17.580981047924322,0.03,2
P_032,59088.70078105562,17.622920654314957,0.03,1
P_033,59003.23687230649,18.479203373081887,0.03,1
P_033,59005.41182263448,18.37438479275372,0.03,2
P_033,59006.512223597376,18.429322773833434,0.03,2
P_033,59007.84945436366,18.457978094045924,0.03,1
P_033,59008.67507965092,18.355147311228873,0.03,2
P_033,59010.05800267663,18.407583623192686,0.03,2
P_033,59010.39428621287,18.462013366039045,0.03,2
P_033,59010.8604857959,18.48161762449019,0.03,1
P_033,59013.86782537813,18.354298174262325,0.03,2
P_033,59016.52089101776,18.37144136118299,0.03,2
P_033,59017.865823645334,18.48489757427875,0.03,2
P_033,59018.66453064304,18.40651894956631,0.03,1
P_033,59019.80704862907,18.44473908732895,0.03,2
P_033,59022.40492668275,18.368514371026674,0.03,2
P_033,59023.18051479605,18.485114001433235,0.03,1
P_033,59024.05651996444,18.446214400543607,0.03,1
P_033,59026.7549290978,18.497488799309078,0.03,1
P_033,59027.831204980765,18.37948194272817,0.03,1
P_033,59030.086979353015,18.399278814592993,0.03,2
P_033,59032.327662552416,18.36552153529985,0.03,2
P_033,59034.05382025687,18.364577612346523,0.03,1
P_033,59036.98837791038,18.35942105665829,0.03,2
P_033,59039.140207665114,18.433982384347214,0.03,2
P_033,59040.352020862054,18.378619164727475,0.03,1
P_033,59045.35870262916,18.422732085841133,0.03,1
P_033,59045.66809905999,18.38876821304313,0.03,2
P_033,59045.84069836495,18.440968302610564,0.03,2
P_033,59048.731546624724,18.464572617457144,0.03,1
P_033,59050.10022970927,18.463344006104933,0.03,1
P_033,59051.512102629546,18.46665352608721,0.03,1
P_033,59051.744621551814,18.416071202749468,0.03,1
P_033,59051.865179233595,18.4585918465638,0.03,2
P_033,59054.99545527268,18.41017434039204,0.03,2
P_033,59055.013416200716,18.382558595493002,0.03,1
P_033,59057.36695276597,18.361221016374607,0.03,2
P_033,59057.86192116598,18.421158030220575,0.03,1
P_033,59057.8905005728,18.437209372363203,0.03,2
P_033,59060.260883646624,18.50587212434395,0.03,1
P_033,59061.09469430746,18.400159416800904,0.03,2
P_033,59062.721345603386,18.498010639844164,0.03,1
P_033,59063.286044549655,18.346375370792302,0.03,2
P_033,59065.97865237623,18.420138456884295,0.03,1
P_033,59066.09353751092,18.54234192700025,0.03,2
P_033,59066.990030468725,18.408316291163104,0.03,2
P_033,59067.19824233645,18.380234645679643,0.03,1
P_033,59067.31015610546,18.374333056274594,0.03,1
P_033,59067.88661740989,18.53741748066641,0.03,1
P_033,59073.306904802535,18.488365817587088,0.03,2
P_033,59074.928054127195,18.39818107136919,0.03,2
P_033,59075.38656875503,18.403208684523214,0.03,1
P_033,59075.49821804091,18.301587966120614,0.03,1
P_033,59077.00756177305,18.417136525749555,0.03,2
P_033,59078.07834071086,18.504208429481913,0.03,1
P_033,59079.46389393112,18.329556809863288,0.03,1
P_033,59083.29075605439,18.480734938726346,0.03,1
P_033,59084.533446069734,18.458085458593416,0.03,2
P_033,59085.548513536254,18.50617071237771,0.03,2
P_033,59085.81231528954,18.400383431807292,0.03,2
P_033,59086.15342817169,18.44087221146506,0.03,1
P_033,59088.28802541835,18.49585069330704,0.03,1
P_034,59001.462088249296,18.96289919349477,0.03,2
P_034,59005.73946574944,18.90091381824742,0.03,1
P_034,59007.36407359071,18.917666045861175,0.03,1
P_034,59008.973354686816,18.942559610192657,0.03,1
P_034,59009.25909370605,19.066805355745817,0.03,2
P_034,59012.50638427326,18.96402836878223,0.03,2
P_034,59012.87329972247,19.03126909183219,0.03,1
P_034,59014.93289977914,18.92217693713545,0.03,2
P_034,59015.74008429236,19.005261392027787,0.03,1
P_034,59017.25837867513,18.99268034938273,0.03,1
P_034,59017.905219314125,18.91852088869628,0.03,2
P_034,59018.45769022171,18.92331483394457,0.03,2
P_034,59018.733594084406,18.9767110273131,0.03,2
P_034,59018.89514323651,18.87325951863943,0.03,1
P_034,59020.12138017147,18.950909696988376,0.03,2
P_034,59020.36210504398,18.887457934333188,0.03,2
P_034,59020.607482818574,18.952422984660156,0.03,2
P_034,59022.95932475402,18.973545730512033,0.03,2
P_034,59024.92507236652,18.986855724178117,0.03,2
P_034,59024.984102569746,18.972201421842048,0.03,2
P_034,59025.32085863634,18.942951602420283,0.03,1
P_034,59026.828199673146,18.925494602005987,0.03,2
P_034,59028.25810569183,18.909726560476827,0.03,2
P_034,59029.62926993987,18.92199698027482,0.03,1
P_034,59032.869038374876,18.930972195788524,0.03,2
P_034,59034.90740573967,18.92644559651607,0.03,2
P_034,59035.30472444088,18.961138170419847,0.03,1
P_034,59037.453321814144,18.91832339725342,0.03,2
P_034,59037.70047097386,18.872908925873798,0.03,2
P_034,59038.734945427495,18.98581760372948,0.03,2
P_034,59039.531950035824,18.91448989114454,0.03,1
P_034,59039.90121883535,18.86880471594204,0.03,2
P_034,59040.591550259785,18.90597380143266,0.03,2
P_034,59041.969098739246,18.934881825617495,0.03,1
P_034,59042.749281719196,18.94093367117733,0.03,1
P_034,59047.48386845012,18.962426731786426,0.03,2
P_034,59051.678666173626,19.047819862146746,0.03,1
P_034,59052.07847814026,18.886272753836153,0.03,2
P_034,59052.578135630574,19.03227571104679,0.03,2
P_034,59054.18167644606,18.960385788481954,0.03,1
P_034,59054.71492889694,18.936096722350904,0.03,2
P_034,59054.861270158166,18.839840815201043,0.03,1
P_034,59056.63400784397,18.937535436053327,0.03,1
P_034,59058.32823402201,18.984541584301162,0.03,1
P_034,59059.946151959084,18.899208645807224,0.03,1
P_034,59061.56537094604,18.87548104766816,0.03,1
P_034,59062.23987425142,18.88643159542598,0.03,2
P_034,59063.67722524071,18.96028201383545,0.03,1
P_034,59068.47357468106,18.953519366758574,0.03,2
P_034,59068.5066542297,19.031500375511875,0.03,2
P_034,59068.65040935476,18.927492243147245,0.03,2
P_034,59071.34416279461,18.99178846572079,0.03,2
P_034,59071.8287372906,18.89044894412632,0.03,1
P_034,59074.85654510477,18.940336332104835,0.03,1
P_034,59075.97518161511,19.00638014063902,0.03,2
P_034,59081.68831651032,18.937054855876188,0.03,1
P_034,59085.51170365643,18.977665828879108,0.03,1
P_034,59086.0133914763,18.88770920636955,0.03,2
P_034,59086.651037218166,18.90438267851454,0.03,2
P_034,59089.06030220321,18.92413969072661,0.03,1
