objid,mjd,magpsf,sigmapsf,fid,ra,dec
OBJ_000,59000.24646501531,17.155165424075943,0.03,1,150.0,20.0
OBJ_000,59001.48748719757,17.30062391332109,0.03,2,150.0,20.0
OBJ_000,59002.54877040309,17.188859983042477,0.03,2,150.0,20.0
OBJ_000,59003.02270177749,17.230104000937594,0.03,1,150.0,20.0
OBJ_000,59003.68761715426,17.20072689219089,0.03,1,150.0,20.0
OBJ_000,59004.6819170958,17.29282916340469,0.03,1,150.0,20.0
OBJ_000,59005.271123132465,17.279673568818676,0.03,1,150.0,20.0
OBJ_000,59007.561380922416,17.24532315060583,0.03,2,150.0,20.0
OBJ_000,59011.18549488496,17.10348002543225,0.03,1,150.0,20.0
OBJ_000,59012.158685452014,17.21625696817758,0.03,1,150.0,20.0
OBJ_000,59013.525152020535,17.24783982900341,0.03,1,150.0,20.0
OBJ_000,59015.80900585423,17.26385359825669,0.03,1,150.0,20.0
OBJ_000,59020.444183418,17.182760167229205,0.03,2,150.0,20.0
OBJ_000,59020.757798809434,17.304756087631002,0.03,1,150.0,20.0
OBJ_000,59021.54324986936,17.14763397096392,0.03,2,150.0,20.0
OBJ_000,59024.28080423875,17.180579118373824,0.03,2,150.0,20.0
OBJ_000,59026.97407014837,17.260408018870287,0.03,2,150.0,20.0
OBJ_000,59027.921768800305,17.21610825015585,0.03,2,150.0,20.0
OBJ_000,59028.96824519683,17.313775148646847,0.03,2,150.0,20.0
OBJ_000,59030.25053544911,17.223081479090208,0.03,2,150.0,20.0
OBJ_000,59030.412010295644,17.181995814954973,0.03,1,150.0,20.0
OBJ_000,59032.201567703814,17.194777344202944,0.03,2,150.0,20.0
OBJ_000,59034.530979883566,17.159098213583626,0.03,1,150.0,20.0
OBJ_000,59035.00292815812,17.149771511145254,0.03,1,150.0,20.0
OBJ_000,59035.24571004754,17.245176094002996,0.03,1,150.0,20.0
OBJ_000,59038.041849907786,17.242713810085224,0.03,1,150.0,20.0
OBJ_000,59040.53054299844,17.27838346043664,0.03,1,150.0,20.0
OBJ_000,59043.72518229486,17.175925229901587,0.03,2,150.0,20.0
OBJ_000,59047.281889022815,17.29811089208677,0.03,2,150.0,20.0
OBJ_000,59048.73150982242,17.19928613407415,0.03,2,150.0,20.0
OBJ_000,59048.92624923189,17.292375933406813,0.03,2,150.0,20.0
OBJ_000,59051.437684765675,17.192016227105455,0.03,2,150.0,20.0
OBJ_000,59053.48700271797,17.17688135484747,0.03,2,150.0,20.0
OBJ_000,59054.59721981904,17.226144788042518,0.03,1,150.0,20.0
OBJ_000,59055.38466003331,17.265228173708056,0.03,1,150.0,20.0
OBJ_000,59056.086843021745,17.22170599830035,0.03,2,150.0,20.0
OBJ_000,59057.32655185893,17.184379078258416,0.03,1,150.0,20.0
OBJ_000,59058.247056041684,17.14659453376075,0.03,2,150.0,20.0
OBJ_000,59058.5413348641,17.143579508718712,0.03,1,150.0,20.0
OBJ_000,59060.35619732243,17.23878966195833,0.03,2,150.0,20.0
OBJ_000,59061.69877860326,17.263141171128876,0.03,2,150.0,20.0
OBJ_000,59061.960205751384,17.205440789833318,0.03,1,150.0,20.0
OBJ_000,59064.933950617466,17.159937276553162,0.03,2,150.0,20.0
OBJ_000,59065.65469048856,17.25730762709567,0.03,1,150.0,20.0
OBJ_000,59065.668990178696,17.149635822228856,0.03,1,150.0,20.0
OBJ_000,59070.83884767398,17.17800211471162,0.03,2,150.0,20.0
OBJ_000,59071.66918432586,17.24470641214159,0.03,2,150.0,20.0
OBJ_000,59073.194321528026,17.101148460785854,0.03,1,150.0,20.0
OBJ_000,59073.42681987094,17.2329739993429,0.03,2,150.0,20.0
OBJ_000,59074.937973288805,17.184573477644108,0.03,2,150.0,20.0
OBJ_000,59077.16638489288,17.219119504338476,0.03,2,150.0,20.0
OBJ_000,59077.68610301149,17.209870443153545,0.03,1,150.0,20.0
OBJ_000,59078.88358077296,17.22376123921678,0.03,2,150.0,20.0
OBJ_000,59080.05390509141,17.248364116299935,0.03,2,150.0,20.0
OBJ_000,59080.12469168043,17.175737031919663,0.03,1,150.0,20.0
OBJ_000,59082.14800195499,17.28470462058018,0.03,1,150.0,20.0
OBJ_000,59084.06391643606,17.249960208911972,0.03,1,150.0,20.0
OBJ_000,59084.1565181409,17.25584215257975,0.03,1,150.0,20.0
OBJ_000,59088.27518048986,17.271898718520134,0.03,1,150.0,20.0
OBJ_000,59089.748894221026,17.253034930549877,0.03,1,150.0,20.0
OBJ_001,59000.57679943979,18.246540138963457,0.03,1,150.01,20.0
OBJ_001,59005.35177364403,18.184429128030686,0.03,2,150.01,20.0
OBJ_001,59005.66059486095,18.293160765667125,0.03,1,150.01,20.0
OBJ_001,59006.50387389769,18.138282954219473,0.03,2,150.01,20.0
OBJ_001,59008.004207622165,18.206656812163548,0.03,1,150.01,20.0
OBJ_001,59011.41353920351,18.167867299935676,0.03,2,150.01,20.0
OBJ_001,59012.71219012109,18.205933483668737,0.03,1,150.01,20.0
OBJ_001,59015.0347635904,18.177282023344393,0.03,1,150.01,20.0
OBJ_001,59015.95040664272,18.149582685806873,0.03,1,150.01,20.0
OBJ_001,59016.44411410339,18.134261753111247,0.03,2,150.01,20.0
OBJ_001,59016.8756944155,18.330944428279775,0.03,2,150.01,20.0
OBJ_001,59017.47167956017,18.17377533834112,0.03,2,150.01,20.0
OBJ_001,59017.55966586111,18.076809556815668,0.03,1,150.01,20.0
OBJ_001,59022.24320662899,18.145212560932166,0.03,2,150.01,20.0
OBJ_001,59024.28531069507,18.21154457768353,0.03,2,150.01,20.0
OBJ_001,59024.64641887396,18.152642169668095,0.03,2,150.01,20.0
OBJ_001,59027.79716264473,18.245664901451594,0.03,2,150.01,20.0
OBJ_001,59028.43491908309,18.22776250496953,0.03,2,150.01,20.0
OBJ_001,59028.77134726544,18.17002565953612,0.03,1,150.01,20.0
OBJ_001,59030.98661578661,18.15403179418853,0.03,1,150.01,20.0
OBJ_001,59034.26934574798,18.127402540975947,0.03,1,150.01,20.0
OBJ_001,59034.92600586061,18.142644264211665,0.03,2,150.01,20.0
OBJ_001,59035.60015457944,18.103985437594048,0.03,1,150.01,20.0
OBJ_001,59038.679665506075,18.237862405903986,0.03,2,150.01,20.0
OBJ_001,59043.99645921501,18.257177630683636,0.03,2,150.01,20.0
OBJ_001,59044.99755412927,18.114835687840944,0.03,1,150.01,20.0
OBJ_001,59045.963585498925,18.11855844254301,0.03,1,150.01,20.0
OBJ_001,59047.10912546554,18.089216998472985,0.03,2,150.01,20.0
OBJ_001,59047.34200237561,18.129449879790723,0.03,2,150.01,20.0
OBJ_001,59050.52606907952,18.022325751263168,0.03,2,150.01,20.0
OBJ_001,59051.42560404102,18.120528643495735,0.03,2,150.01,20.0
OBJ_001,59051.99191032661,18.242488361317356,0.03,1,150.01,20.0
OBJ_001,59052.05023234336,18.160358964854108,0.03,1,150.01,20.0
OBJ_001,59053.08830254889,18.22037180307,0.03,1,150.01,20.0
OBJ_001,59054.20152587417,18.153194138135227,0.03,2,150.01,20.0
OBJ_001,59058.735311870296,18.265675956176988,0.03,1,150.01,20.0
OBJ_001,59060.110046501424,18.187603490478022,0.03,1,150.01,20.0
OBJ_001,59060.30556643834,18.158542476720157,0.03,1,150.01,20.0
OBJ_001,59060.527397052516,18.305263792595884,0.03,1,150.01,20.0
OBJ_001,59063.23868635938,18.16141899851306,0.03,1,150.01,20.0
OBJ_001,59064.31566829893,18.116581423841023,0.03,2,150.01,20.0
OBJ_001,59066.968773135435,18.187738091425338,0.03,1,150.01,20.0
OBJ_001,59067.34236529716,18.175700839399425,0.03,1,150.01,20.0
OBJ_001,59069.53842811028,18.230958818985645,0.03,2,150.01,20.0
OBJ_001,59069.812206929164,18.13156089510244,0.03,2,150.01,20.0
OBJ_001,59073.11018583001,18.217878437901305,0.03,1,150.01,20.0
OBJ_001,59077.46312685929,18.220280014856044,0.03,1,150.01,20.0
OBJ_001,59077.68081837704,18.144258226730578,0.03,2,150.01,20.0
OBJ_001,59077.83004658607,18.185804791613464,0.03,1,150.01,20.0
OBJ_001,59079.20883091736,18.136104993484615,0.03,2,150.01,20.0
OBJ_001,59079.31764554639,18.294932995019366,0.03,1,150.01,20.0
OBJ_001,59081.923018959445,18.142435613213323,0.03,2,150.01,20.0
OBJ_001,59083.314311949296,18.154988869143896,0.03,2,150.01,20.0
OBJ_001,59084.94212842479,18.12435069022916,0.03,2,150.01,20.0
OBJ_001,59086.25722686001,18.16033652756867,0.03,2,150.01,20.0
OBJ_001,59086.618078381194,18.177348789992486,0.03,2,150.01,20.0
OBJ_001,59087.88160897425,18.216032048094565,0.03,1,150.01,20.0
OBJ_001,59088.043914245616,18.147118259024047,0.03,1,150.01,20.0
OBJ_001,59088.3748423814,18.16835389339375,0.03,1,150.01,20.0
OBJ_001,59089.542561334485,18.10681812300663,0.03,2,150.01,20.0
OBJ_002,59001.09318735023,16.228914345391726,0.03,2,150.02,20.0
OBJ_002,59002.161188060425,16.26021948496375,0.03,2,150.02,20.0
OBJ_002,59006.63447893621,16.267641856167447,0.03,1,150.02,20.0
OBJ_002,59007.74111924549,16.149214925942328,0.03,2,150.02,20.0
OBJ_002,59011.46226247295,16.317899119458552,0.03,1,150.02,20.0
OBJ_002,59012.28890728708,16.265318125344745,0.03,2,150.02,20.0
OBJ_002,59013.680711227025,16.199014992844308,0.03,2,150.02,20.0
OBJ_002,59014.70312820232,16.177042053368893,0.03,1,150.02,20.0
OBJ_002,59015.39192960186,16.169524424407054,0.03,1,150.02,20.0
OBJ_002,59015.78687749866,16.224143967823775,0.03,2,150.02,20.0
OBJ_002,59017.15558043636,16.18557423123548,0.03,1,150.02,20.0
OBJ_002,59017.93685066116,16.179731347680637,0.03,1,150.02,20.0
OBJ_002,59020.02080563922,16.258537766192045,0.03,1,150.02,20.0
OBJ_002,59021.50493405222,16.23620341313628,0.03,2,150.02,20.0
OBJ_002,59022.17653721459,16.19824648302378,0.03,2,150.02,20.0
OBJ_002,59023.05350192851,16.254687425754234,0.03,2,150.02,20.0
OBJ_002,59025.207416167985,16.28634397726025,0.03,1,150.02,20.0
OBJ_002,59028.133608239106,16.163250230313484,0.03,2,150.02,20.0
OBJ_002,59029.518406078816,16.187810451737853,0.03,2,150.02,20.0
OBJ_002,59029.69062492446,16.265106137955957,0.03,2,150.02,20.0
OBJ_002,59030.75683851855,16.253922074235717,0.03,2,150.02,20.0
OBJ_002,59031.54993302311,16.229309988766865,0.03,2,150.02,20.0
OBJ_002,59032.65397557766,16.276096105322885,0.03,2,150.02,20.0
OBJ_002,59035.25073195085,16.16356445948901,0.03,1,150.02,20.0
OBJ_002,59035.4768089426,16.144018154256408,0.03,2,150.02,20.0
OBJ_002,59039.53060386725,16.17464967808112,0.03,1,150.02,20.0
OBJ_002,59042.89295795352,16.224102250721767,0.03,1,150.02,20.0
OBJ_002,59043.60490481116,16.17817070719021,0.03,1,150.02,20.0
OBJ_002,59046.095629205396,16.19361413812373,0.03,2,150.02,20.0
OBJ_002,59047.89444261269,16.16922503998995,0.03,2,150.02,20.0
OBJ_002,59050.11519410486,16.18695358871522,0.03,2,150.02,20.0
OBJ_002,59050.19728243592,16.167735684995314,0.03,2,150.02,20.0
OBJ_002,59050.79715390085,16.236348356232245,0.03,1,150.02,20.0
OBJ_002,59051.2123268837,16.257719599344124,0.03,1,150.02,20.0
OBJ_002,59051.69402432881,16.193952748969053,0.03,1,150.02,20.0
OBJ_002,59052.64844122031,16.20761175617143,0.03,2,150.02,20.0
OBJ_002,59052.95420984863,16.18892341731937,0.03,1,150.02,20.0
OBJ_002,59053.09645333846,16.244537606726773,0.03,2,150.02,20.0
OBJ_002,59055.02048158477,16.222427847881924,0.03,1,150.02,20.0
OBJ_002,59058.14405212097,16.297682890961877,0.03,2,150.02,20.0
OBJ_002,59060.731878497056,16.16320144411309,0.03,1,150.02,20.0
OBJ_002,59062.65390053068,16.236100170904518,0.03,2,150.02,20.0
OBJ_002,59062.65935954931,16.240174615927298,0.03,2,150.02,20.0
OBJ_002,59064.169426784414,16.19995303739542,0.03,1,150.02,20.0
OBJ_002,59064.432606223294,16.247151752314103,0.03,2,150.02,20.0
OBJ_002,59064.507561250735,16.14604891349544,0.03,1,150.02,20.0
OBJ_002,59065.35111598406,16.32391519748143,0.03,2,150.02,20.0
OBJ_002,59067.77449908791,16.150872823280643,0.03,1,150.02,20.0
OBJ_002,59071.03227934274,16.263965408973213,0.03,1,150.02,20.0
OBJ_002,59073.191968582774,16.161918911998004,0.03,1,150.02,20.0
OBJ_002,59073.96128024572,16.27551919750655,0.03,1,150.02,20.0
OBJ_002,59074.33614999534,16.198736344614513,0.03,2,150.02,20.0
OBJ_002,59077.665499872484,16.225896191303075,0.03,2,150.02,20.0
OBJ_002,59079.50768602702,16.220642233730302,0.03,2,150.02,20.0
OBJ_002,59080.89413887236,16.273011750696202,0.03,1,150.02,20.0
OBJ_002,59081.09972840806,16.201897673437816,0.03,2,150.02,20.0
OBJ_002,59083.13708216377,16.06961586044577,0.03,1,150.02,20.0
OBJ_002,59084.93099887063,16.179972106441742,0.03,1,150.02,20.0
OBJ_002,59089.28209057233,16.22716066209941,0.03,1,150.02,20.0
OBJ_002,59089.73092637653,16.19595163570145,0.03,2,150.02,20.0
OBJ_003,59001.089127410494,18.864473284898796,0.03,2,150.03,20.0
OBJ_003,59004.34390355017,18.81777487702685,0.03,2,150.03,20.0
OBJ_003,59006.06813484358,18.802365167849086,0.03,2,150.03,20.0
OBJ_003,59006.76194253855,18.82491814450936,0.03,2,150.03,20.0
OBJ_003,59007.31913221763,18.838910562273878,0.03,1,150.03,20.0
OBJ_003,59010.5877417736,18.767434852943687,0.03,1,150.03,20.0
OBJ_003,59014.83043868594,18.78833811076994,0.03,1,150.03,20.0
OBJ_003,59016.444103189606,18.810003797256925,0.03,2,150.03,20.0
OBJ_003,59017.24302765139,18.77566022868422,0.03,2,150.03,20.0
OBJ_003,59017.26354333217,18.79618553684672,0.03,2,150.03,20.0
OBJ_003,59017.84016277555,18.867751702832685,0.03,1,150.03,20.0
OBJ_003,59019.53604629649,18.754467121538983,0.03,2,150.03,20.0
OBJ_003,59022.37019087305,18.89919125023034,0.03,2,150.03,20.0
OBJ_003,59023.56776142686,18.896825333642685,0.03,2,150.03,20.0
OBJ_003,59024.940880049326,18.71718614287537,0.03,2,150.03,20.0
OBJ_003,59026.46687241515,18.795806981517934,0.03,1,150.03,20.0
OBJ_003,59027.28809113978,18.81999269325587,0.03,1,150.03,20.0
OBJ_003,59030.62914716426,18.764814560398264,0.03,1,150.03,20.0
OBJ_003,59031.981426305545,18.76580408958935,0.03,2,150.03,20.0
OBJ_003,59032.48742832455,18.790987329936858,0.03,1,150.03,20.0
OBJ_003,59034.455420800805,18.839817019129164,0.03,2,150.03,20.0
OBJ_003,59034.85654235467,18.77729142282623,0.03,2,150.03,20.0
OBJ_003,59034.890679076016,18.894192805354592,0.03,2,150.03,20.0
OBJ_003,59035.85019959884,18.817356814890513,0.03,1,150.03,20.0
OBJ_003,59038.522206713955,18.79772935056942,0.03,2,150.03,20.0
OBJ_003,59043.47075720904,18.875321099030156,0.03,2,150.03,20.0
OBJ_003,59045.537537065866,18.834172174526604,0.03,1,150.03,20.0
OBJ_003,59046.36443302124,18.821322453557965,0.03,1,150.03,20.0
OBJ_003,59047.50380703012,18.78630109563511,0.03,1,150.03,20.0
OBJ_003,59049.11739911174,18.89355739546822,0.03,2,150.03,20.0
OBJ_003,59049.594049621395,18.843449194260586,0.03,2,150.03,20.0
OBJ_003,59050.24510531775,18.79268754797635,0.03,1,150.03,20.0
OBJ_003,59050.70712263066,18.72399815723945,0.03,1,150.03,20.0
OBJ_003,59050.91965164946,18.82150569186168,0.03,2,150.03,20.0
OBJ_003,59051.921687880465,18.745671110168505,0.03,1,150.03,20.0
OBJ_003,59053.27125048927,18.71706081718567,0.03,1,150.03,20.0
OBJ_003,59054.34826919667,18.788900539500197,0.03,1,150.03,20.0
OBJ_003,59054.60232560665,18.816931669903116,0.03,2,150.03,20.0
OBJ_003,59054.97185950296,18.866982176457743,0.03,2,150.03,20.0
OBJ_003,59055.11075651017,18.816980706037846,0.03,1,150.03,20.0
OBJ_003,59056.151250374525,18.843159091132122,0.03,2,150.03,20.0
OBJ_003,59057.265528823955,18.741563979512428,0.03,1,150.03,20.0
OBJ_003,59057.36788813143,18.801731505900207,0.03,1,150.03,20.0
OBJ_003,59058.711406912014,18.80906868073881,0.03,2,150.03,20.0
OBJ_003,59060.81906977527,18.84597042400458,0.03,2,150.03,20.0
OBJ_003,59069.59381382371,18.808661148445136,0.03,2,150.03,20.0
OBJ_003,59070.99606400714,18.84306206267958,0.03,1,150.03,20.0
OBJ_003,59073.395936599314,18.777648152384728,0.03,2,150.03,20.0
OBJ_003,59073.91039454701,18.820755860084244,0.03,2,150.03,20.0
OBJ_003,59074.94460644422,18.823601434836306,0.03,2,150.03,20.0
OBJ_003,59075.8713243131,18.74036932854425,0.03,1,150.03,20.0
OBJ_003,59078.770542833176,18.811635046201967,0.03,2,150.03,20.0
OBJ_003,59078.92396039961,18.786839988426014,0.03,1,150.03,20.0
OBJ_003,59080.52556471982,18.707653717342783,0.03,1,150.03,20.0
OBJ_003,59080.79285916058,18.850778448780655,0.03,2,150.03,20.0
OBJ_003,59084.29094751269,18.78476518075837,0.03,2,150.03,20.0
OBJ_003,59084.75355399769,18.76023861186729,0.03,2,150.03,20.0
OBJ_003,59086.459839733725,18.783992277588894,0.03,1,150.03,20.0
OBJ_003,59087.446812885675,18.809768129931,0.03,1,150.03,20.0
OBJ_003,59088.719267167675,18.87825358899094,0.03,1,150.03,20.0
OBJ_004,59000.84513326591,18.91409947301748,0.03,2,150.04,20.0
OBJ_004,59002.270948049416,18.935610539611897,0.03,2,150.04,20.0
OBJ_004,59006.42677373481,18.869019623044917,0.03,1,150.04,20.0
OBJ_004,59006.7967132005,18.92418834538781,0.03,2,150.04,20.0
OBJ_004,59010.539576724645,18.852475755286424,0.03,1,150.04,20.0
OBJ_004,59010.70686461731,18.85298409846317,0.03,2,150.04,20.0
OBJ_004,59011.688617229585,18.91659639865452,0.03,2,150.04,20.0
OBJ_004,59012.309055633596,18.856865526180627,0.03,1,150.04,20.0
OBJ_004,59012.944274504385,18.92514011190646,0.03,1,150.04,20.0
OBJ_004,59014.75483878871,19.00636841151573,0.03,2,150.04,20.0
OBJ_004,59015.58714787209,18.8024765578969,0.03,2,150.04,20.0
OBJ_004,59016.63416130305,18.849173965938203,0.03,1,150.04,20.0
OBJ_004,59016.866294563624,18.9427914938364,0.03,2,150.04,20.0
OBJ_004,59020.028000489496,18.879530276269605,0.03,1,150.04,20.0
OBJ_004,59020.78298858405,18.944838677233893,0.03,1,150.04,20.0
OBJ_004,59021.771267403245,18.836280971087618,0.03,2,150.04,20.0
OBJ_004,59021.921525027195,18.90335139363466,0.03,2,150.04,20.0
OBJ_004,59022.26070983644,18.879256368853124,0.03,1,150.04,20.0
OBJ_004,59024.635805321006,18.893802720887933,0.03,1,150.04,20.0
OBJ_004,59026.34776755376,18.903339985697034,0.03,2,150.04,20.0
OBJ_004,59026.49273817715,18.825783866611467,0.03,2,150.04,20.0
OBJ_004,59028.45996809088,18.8330773104763,0.03,2,150.04,20.0
OBJ_004,59032.00733777436,18.956746385089037,0.03,2,150.04,20.0
OBJ_004,59032.94722778036,18.901444870323314,0.03,1,150.04,20.0
OBJ_004,59033.90354466206,18.892101501391895,0.03,1,150.04,20.0
OBJ_004,59033.97170883792,18.884580448613587,0.03,1,150.04,20.0
OBJ_004,59034.05324423678,18.90461130967957,0.03,2,150.04,20.0
OBJ_004,59034.28112663728,18.828987347773992,0.03,2,150.04,20.0
OBJ_004,59036.06702909854,18.836832818149496,0.03,2,150.04,20.0
OBJ_004,59037.79269480823,18.952009597104585,0.03,2,150.04,20.0
OBJ_004,59037.87905646758,18.89434794583662,0.03,1,150.04,20.0
OBJ_004,59038.42618436359,18.929299228426967,0.03,1,150.04,20.0
OBJ_004,59038.64336239653,18.856500984398203,0.03,1,150.04,20.0
OBJ_004,59040.59427180195,18.95562045376223,0.03,2,150.04,20.0
OBJ_004,59041.79378671046,18.90404810501024,0.03,2,150.04,20.0
OBJ_004,59042.52203220298,18.91084647570677,0.03,1,150.04,20.0
OBJ_004,59042.78824582289,18.914220651630053,0.03,2,150.04,20.0
OBJ_004,59044.477928529384,18.84693372277566,0.03,1,150.04,20.0
OBJ_004,59047.355122745146,18.79349814157426,0.03,1,150.04,20.0
OBJ_004,59054.1497693809,18.833044051390008,0.03,2,150.04,20.0
OBJ_004,59056.1255519261,18.968310327613583,0.03,1,150.04,20.0
OBJ_004,59059.731536539606,18.95181838326029,0.03,2,150.04,20.0
OBJ_004,59060.18553167859,18.869438116345368,0.03,2,150.04,20.0
OBJ_004,59062.03715632371,18.871700368392457,0.03,2,150.04,20.0
OBJ_004,59063.764953495804,18.93861447860606,0.03,2,150.04,20.0
OBJ_004,59065.88720750329,18.878363691106586,0.03,1,150.04,20.0
OBJ_004,59067.400986003966,18.821821191237724,0.03,2,150.04,20.0
OBJ_004,59067.49601749336,18.950061339374074,0.03,2,150.04,20.0
OBJ_004,59067.63857188475,18.91064311363996,0.03,2,150.04,20.0
OBJ_004,59068.082039932364,18.760967198994088,0.03,1,150.04,20.0
OBJ_004,59070.31747387055,18.87112467946777,0.03,1,150.04,20.0
OBJ_004,59071.05901822625,18.893967694908483,0.03,1,150.04,20.0
OBJ_004,59072.57242876175,18.910846526097203,0.03,1,150.04,20.0
OBJ_004,59074.02195418242,18.894391744209848,0.03,2,150.04,20.0
OBJ_004,59076.633732316666,18.854997094882084,0.03,1,150.04,20.0
OBJ_004,59078.91359629396,18.880996232542767,0.03,2,150.04,20.0
OBJ_004,59080.01416647291,18.901524200641443,0.03,2,150.04,20.0
OBJ_004,59082.360675340075,18.873383980463565,0.03,1,150.04,20.0
OBJ_004,59084.4223687674,18.868189148758955,0.03,2,150.04,20.0
OBJ_004,59087.34044660736,18.949388381677505,0.03,1,150.04,20.0
OBJ_005,59001.07187645069,16.777540630733487,0.03,1,150.05,20.0
OBJ_005,59001.265317663405,16.742295117342245,0.03,2,150.05,20.0
OBJ_005,59001.42673753046,16.725159393843786,0.03,2,150.05,20.0
OBJ_005,59006.78498648249,16.7523756062179,0.03,2,,20.0
OBJ_005,59007.51836788907,16.75665945645941,0.03,2,150.05,20.0
OBJ_005,59008.07238999948,16.721616488247406,0.03,2,150.05,20.0
OBJ_005,59010.057303377274,16.778239035728745,0.03,2,150.05,20.0
OBJ_005,59014.5087035396,16.794239005772063,0.03,1,150.05,20.0
OBJ_005,59016.324900954955,16.764813398239784,0.03,2,150.05,20.0
OBJ_005,59017.452615308146,16.842583807398317,0.03,2,150.05,20.0
OBJ_005,59017.717680328446,16.7252923124907,0.03,1,150.05,20.0
OBJ_005,59018.63257873112,16.782939083883292,0.03,2,150.05,20.0
OBJ_005,59019.02466399049,16.736472522946784,0.03,2,150.05,20.0
OBJ_005,59021.5558059925,16.768640738157,0.03,1,150.05,20.0
OBJ_005,59024.35746954005,16.715411795994132,0.03,1,150.05,20.0
OBJ_005,59026.08570348344,16.812665431841477,0.03,1,150.05,20.0
OBJ_005,59026.61185222979,16.765710308261102,0.03,2,150.05,20.0
OBJ_005,59026.86565452522,16.816521487951896,0.03,1,150.05,20.0
OBJ_005,59029.41630177912,16.69360448413205,0.03,2,150.05,20.0
OBJ_005,59030.08812174707,16.7322335025132,0.03,2,150.05,20.0
OBJ_005,59031.66373962332,16.712280972959334,0.03,1,150.05,20.0
OBJ_005,59031.83099408175,16.730312169708665,0.03,2,150.05,20.0
OBJ_005,59032.01818978083,16.722278778113946,0.03,1,150.05,20.0
OBJ_005,59032.837150238054,16.750882216258873,0.03,1,150.05,20.0
OBJ_005,59033.38942506461,16.756046905786846,0.03,2,150.05,20.0
OBJ_005,59033.50169217755,16.75486001973841,0.03,1,150.05,20.0
OBJ_005,59033.807809313475,16.729133069297646,0.03,1,150.05,20.0
OBJ_005,59034.15378650319,16.76628052186767,0.03,2,150.05,20.0
OBJ_005,59036.50247180203,16.80069003774978,0.03,2,150.05,20.0
OBJ_005,59036.83263060652,16.711795484673793,0.03,2,150.05,20.0
OBJ_005,59038.21559254412,16.756953694223334,0.03,1,150.05,20.0
OBJ_005,59038.801957058415,16.753205718514444,0.03,2,150.05,20.0
OBJ_005,59039.447453446955,16.780326994684426,0.03,2,150.05,20.0
OBJ_005,59039.516138946114,16.75371633373455,0.03,2,150.05,20.0
OBJ_005,59042.26934925024,16.756126022793488,0.03,1,150.05,20.0
OBJ_005,59051.33881903503,16.70735447386183,0.03,2,150.05,20.0
OBJ_005,59051.79858587272,16.75799445492622,0.03,1,150.05,20.0
OBJ_005,59053.31265824096,16.710815038508283,0.03,1,150.05,20.0
OBJ_005,59053.59993693569,16.782694475381444,0.03,1,150.05,20.0
OBJ_005,59054.90985588956,16.75174831625891,0.03,2,150.05,20.0
OBJ_005,59055.881800857795,16.758902183853973,0.03,2,150.05,20.0
OBJ_005,59058.774789653144,16.712349744618724,0.03,2,150.05,20.0
OBJ_005,59059.21841548152,16.797097141970323,0.03,1,150.05,20.0
OBJ_005,59061.91230692501,16.791524958419846,0.03,2,150.05,20.0
OBJ_005,59064.494442864394,16.799985459425727,0.03,1,150.05,20.0
OBJ_005,59066.26104343527,16.868278567018898,0.03,1,150.05,20.0
OBJ_005,59068.30991020539,16.754283293858585,0.03,1,150.05,20.0
OBJ_005,59069.71870117385,16.81707940476363,0.03,1,150.05,20.0
OBJ_005,59073.29728771997,16.750717872652043,0.03,2,150.05,20.0
OBJ_005,59077.25917929988,16.776613627765254,0.03,1,150.05,20.0
OBJ_005,59078.227434397224,16.775176134353885,0.03,2,150.05,20.0
OBJ_005,59079.47702013464,16.770138851141162,0.03,2,150.05,20.0
OBJ_005,59082.12913167083,16.789822071899255,0.03,1,150.05,20.0
OBJ_005,59082.727099031414,16.741712443956274,0.03,2,150.05,20.0
OBJ_005,59083.69167712973,16.758955877052312,0.03,2,150.05,20.0
OBJ_005,59084.66648441556,16.783674745340328,0.03,2,150.05,20.0
OBJ_005,59087.86205315466,16.844301957975162,0.03,2,150.05,20.0
OBJ_005,59089.25162465005,16.714791429524116,0.03,1,150.05,20.0
OBJ_005,59089.29510978823,16.666602631954092,0.03,2,150.05,20.0
OBJ_005,59089.576982304905,16.732704988415854,0.03,1,150.05,20.0
OBJ_006,59000.019952973926,17.014612562617973,0.03,1,150.06,20.0
OBJ_006,59001.20516111875,16.988059687001673,0.03,1,150.06,20.0
OBJ_006,59002.54573769155,17.064764270927363,0.03,2,150.06,20.0
OBJ_006,59004.14337242163,16.980966377133317,0.03,2,150.06,20.0
OBJ_006,59006.92520401051,17.012772861516392,0.03,1,150.06,20.0
OBJ_006,59007.159640491234,17.015242721748535,0.03,2,150.06,20.0
OBJ_006,59008.36914140591,17.055268689070683,0.03,1,150.06,20.0
OBJ_006,59009.53000175738,16.89959488798615,0.03,1,150.06,20.0
OBJ_006,59011.048119054845,17.009858871214657,0.03,2,150.06,20.0
OBJ_006,59011.106209534686,17.064870875468138,0.03,1,150.06,20.0
OBJ_006,59014.61990984375,17.00880570614313,0.03,1,150.06,20.0
OBJ_006,59015.546660249325,16.95054326968506,0.03,1,150.06,20.0
OBJ_006,59020.26467877093,17.043220026633655,0.03,2,150.06,20.0
OBJ_006,59021.78849619303,17.043724463316632,0.03,1,150.06,20.0
OBJ_006,59024.94262277289,17.01336564840659,0.03,2,150.06,20.0
OBJ_006,59026.44411179492,16.96890033263987,0.03,1,150.06,20.0
OBJ_006,59030.583003940745,16.9898563607281,0.03,2,150.06,20.0
OBJ_006,59031.92553650513,17.011202292557634,0.03,2,150.06,20.0
OBJ_006,59032.1153977665,16.98311347521654,0.03,2,150.06,20.0
OBJ_006,59033.39024756261,16.930881200586807,0.03,2,150.06,20.0
OBJ_006,59034.89599288433,16.9884257780579,0.03,2,150.06,20.0
OBJ_006,59036.19278892357,17.02380292128087,0.03,2,150.06,20.0
OBJ_006,59039.60891710124,17.001537114639877,0.03,1,150.06,20.0
OBJ_006,59041.08496644386,17.023111476047536,0.03,1,150.06,20.0
OBJ_006,59043.42838598015,17.0310730169526,0.03,2,150.06,20.0
OBJ_006,59044.303547245596,17.071718893022673,0.03,1,150.06,20.0
OBJ_006,59045.315252516004,17.137081324177032,0.03,1,150.06,20.0
OBJ_006,59047.04092094671,17.063479060010778,0.03,1,150.06,20.0
OBJ_006,59047.81653503518,16.956673690677015,0.03,2,150.06,20.0
OBJ_006,59049.09109612914,16.89404287063934,0.03,2,150.06,20.0
OBJ_006,59050.14237912428,17.02216700957099,0.03,2,150.06,20.0
OBJ_006,59050.815456117896,17.030459539767353,0.03,1,150.06,20.0
OBJ_006,59051.06350931287,16.968796452712727,0.03,1,150.06,20.0
OBJ_006,59051.15341614352,17.04049172486456,0.03,1,150.06,20.0
OBJ_006,59053.937635148104,16.988543138611018,0.03,2,150.06,20.0
OBJ_006,59054.72005985724,17.047023604643538,0.03,2,150.06,20.0
OBJ_006,59056.39963142038,17.010614209355865,0.03,2,150.06,20.0
OBJ_006,59056.617271058734,17.04676324754069,0.03,1,150.06,20.0
OBJ_006,59057.77159081902,16.939730358299183,0.03,2,150.06,20.0
OBJ_006,59059.07980485564,17.004966774249493,0.03,2,150.06,20.0
OBJ_006,59060.45243609247,17.019460317680828,0.03,2,150.06,20.0
OBJ_006,59061.25063487927,16.95564638174946,0.03,1,150.06,20.0
OBJ_006,59061.268474176744,17.12100703091579,0.03,1,150.06,20.0
OBJ_006,59061.29554404255,16.99985144739968,0.03,2,150.06,20.0
OBJ_006,59061.32370156507,17.096388704454874,0.03,2,150.06,20.0
OBJ_006,59063.54974000822,16.993673013448454,0.03,1,150.06,20.0
OBJ_006,59063.56117820252,17.015391560230405,0.03,1,150.06,20.0
OBJ_006,59064.06994677726,17.086085213589957,0.03,2,150.06,20.0
OBJ_006,59066.793017695476,17.042081460255847,0.03,1,150.06,20.0
OBJ_006,59069.085539590735,17.03649283551895,0.03,1,150.06,20.0
OBJ_006,59069.28112037298,17.040187290413268,0.03,1,150.06,20.0
OBJ_006,59069.45950492639,16.958582224192412,0.03,1,150.06,20.0
OBJ_006,59072.35926389531,17.00741244432255,0.03,1,150.06,20.0
OBJ_006,59073.28013574871,16.97906783531037,0.03,2,150.06,20.0
OBJ_006,59073.7718212403,17.036760800620172,0.03,1,150.06,20.0
OBJ_006,59074.128872151494,16.999690211484282,0.03,1,150.06,20.0
OBJ_006,59075.62534038646,17.024687161929467,0.03,2,150.06,20.0
OBJ_006,59076.98160442359,17.02302548984141,0.03,2,150.06,20.0
OBJ_006,59084.58277743288,17.025071598759205,0.03,1,150.06,20.0
OBJ_006,59086.779039654946,17.025152761908878,0.03,2,150.06,20.0
OBJ_007,59001.58381788296,18.331772850935153,0.03,2,150.07,20.0
OBJ_007,59004.75350513694,18.384390180914295,0.03,1,150.07,20.0
OBJ_007,59005.51283399823,18.33066917737853,0.03,2,150.07,20.0
OBJ_007,59007.63301662974,18.34203428929282,0.03,2,150.07,20.0
OBJ_007,59008.639508054905,18.364294670036134,0.03,1,150.07,20.0
OBJ_007,59009.63400680403,18.396446286010086,0.03,2,150.07,20.0
OBJ_007,59011.355497557706,18.376135211667183,0.03,2,150.07,20.0
OBJ_007,59011.68388834054,18.33364391284851,0.03,1,150.07,20.0
OBJ_007,59012.200889640706,18.325173937905966,0.03,2,150.07,20.0
OBJ_007,59012.74421040408,18.253602986314593,0.03,2,150.07,20.0
OBJ_007,59013.18501404186,18.32938629241234,0.03,2,150.07,20.0
OBJ_007,59013.29349190478,18.262924677209874,0.03,1,150.07,20.0
OBJ_007,59015.42215271663,18.263581193131376,0.03,1,150.07,20.0
OBJ_007,59018.086762699095,18.347308611580615,0.03,2,150.07,20.0
OBJ_007,59019.391533543945,18.309754306028378,0.03,1,150.07,20.0
OBJ_007,59021.95192576184,18.338393640008633,0.03,2,150.07,20.0
OBJ_007,59023.33312158766,18.283435009338262,0.03,1,150.07,20.0
OBJ_007,59024.13584187197,18.374843365580972,0.03,1,150.07,20.0
OBJ_007,59025.71349434216,18.321971774209974,0.03,2,150.07,20.0
OBJ_007,59028.09801358114,18.374169581558846,0.03,2,150.07,20.0
OBJ_007,59029.0248538712,18.348455189716255,0.03,2,150.07,20.0
OBJ_007,59030.316760605114,18.323045617137097,0.03,1,150.07,20.0
OBJ_007,59030.685847839566,18.290856794651628,0.03,2,150.07,20.0
OBJ_007,59032.19733256153,18.316358544089606,0.03,1,150.07,20.0
OBJ_007,59032.92830776265,18.356183689481494,0.03,2,150.07,20.0
OBJ_007,59034.870702001164,18.349666051914863,0.03,1,150.07,20.0
OBJ_007,59035.64949043023,18.255003932581978,0.03,1,150.07,20.0
OBJ_007,59035.74645388588,18.36606726784446,0.03,1,150.07,20.0
OBJ_007,59040.88691247858,18.304087768133407,0.03,1,150.07,20.0
OBJ_007,59041.139390323595,18.355546351257356,0.03,1,150.07,20.0
OBJ_007,59042.14552235427,18.279908752136635,0.03,1,150.07,20.0
OBJ_007,59042.23167587482,18.346675929589992,0.03,2,150.07,20.0
OBJ_007,59043.51729870807,18.274953571065854,0.03,2,150.07,20.0
OBJ_007,59044.512214802045,18.321251006790124,0.03,1,150.07,20.0
OBJ_007,59046.706674779336,18.29988167487118,0.03,2,150.07,20.0
OBJ_007,59049.92747303994,18.300504536864192,0.03,2,150.07,20.0
OBJ_007,59051.00104574177,18.28645380302762,0.03,2,150.07,20.0
OBJ_007,59054.01924182528,18.307104210394638,0.03,2,150.07,20.0
OBJ_007,59054.16423922117,18.22775143069879,0.03,2,150.07,20.0
OBJ_007,59061.71951006677,18.358613149877236,0.03,2,150.07,20.0
OBJ_007,59062.004581215755,18.362867494561584,0.03,2,150.07,20.0
OBJ_007,59066.9231682661,18.292644471564813,0.03,1,150.07,20.0
OBJ_007,59066.96283212476,18.245795433911766,0.03,2,150.07,20.0
OBJ_007,59067.94103045285,18.28244770171615,0.03,1,150.07,20.0
OBJ_007,59068.08322962522,18.36216388169206,0.03,2,150.07,20.0
OBJ_007,59069.10549217783,18.34605920387625,0.03,1,150.07,20.0
OBJ_007,59072.01733192042,18.299765487161224,0.03,1,150.07,20.0
OBJ_007,59072.0875155672,18.35964690421419,0.03,2,150.07,20.0
OBJ_007,59073.46220339797,18.262709127390536,0.03,2,150.07,20.0
OBJ_007,59074.21797820106,18.284151348652614,0.03,2,150.07,20.0
OBJ_007,59074.749708487594,18.338513527541338,0.03,2,150.07,20.0
OBJ_007,59074.87838388522,18.30998749872194,0.03,2,150.07,20.0
OBJ_007,59076.34815334169,18.285321880249402,0.03,2,150.07,20.0
OBJ_007,59076.67625320273,18.189176778681592,0.03,2,150.07,20.0
OBJ_007,59077.24416530924,18.348343981937763,0.03,2,150.07,20.0
OBJ_007,59077.31322363993,18.33096925587703,0.03,1,150.07,20.0
OBJ_007,59077.89275684646,18.22763704877959,0.03,2,150.07,20.0
OBJ_007,59077.98738652806,18.34479944951259,0.03,1,150.07,20.0
OBJ_007,59078.30827681683,18.314064977269233,0.03,2,150.07,20.0
OBJ_007,59085.351815246126,18.32872490407588,0.03,1,150.07,20.0
OBJ_008,59000.259410694845,17.77216712850454,0.03,1,150.08,20.0
OBJ_008,59000.65098983583,17.81359272206802,0.03,2,150.08,20.0
OBJ_008,59001.19235428852,17.747275352761637,0.03,1,150.08,20.0
OBJ_008,59002.29194808445,17.72971407598407,0.03,1,150.08,20.0
OBJ_008,59003.65600218688,17.816702508462757,0.03,1,150.08,20.0
OBJ_008,59003.81816197269,17.738162537931647,0.03,1,150.08,20.0
OBJ_008,59006.45247104041,17.737540969625062,0.03,2,150.08,20.0
OBJ_008,59006.767755963774,17.82149859035793,0.03,1,150.08,20.0
OBJ_008,59007.95309459826,17.71850342391524,0.03,2,150.08,20.0
OBJ_008,59009.49611787189,17.705644275312583,0.03,2,150.08,20.0
OBJ_008,59012.25676220007,17.80385959521747,0.03,1,150.08,20.0
OBJ_008,59013.646669801456,17.67861279416533,0.03,1,150.08,20.0
OBJ_008,59014.71206644729,17.739020592566572,0.03,2,150.08,20.0
OBJ_008,59017.22656585224,17.758324569799942,0.03,1,150.08,20.0
OBJ_008,59017.6823425313,17.709341525903117,0.03,2,150.08,20.0
OBJ_008,59019.37726262055,17.7207373493297,0.03,2,150.08,20.0
OBJ_008,59023.46676688283,17.809900521821717,0.03,1,150.08,20.0
OBJ_008,59024.264772630486,17.791229528706072,0.03,1,150.08,20.0
OBJ_008,59024.296622309805,17.729321301984953,0.03,2,150.08,20.0
OBJ_008,59027.458024460866,17.803081153701726,0.03,2,150.08,20.0
OBJ_008,59028.89363551081,17.852570797450504,0.03,1,150.08,20.0
OBJ_008,59029.14051879075,17.712485984903275,0.03,1,150.08,20.0
OBJ_008,59030.59550602743,17.779669665142073,0.03,1,150.08,20.0
OBJ_008,59031.250319216444,17.875439442776607,0.03,2,150.08,20.0
OBJ_008,59031.26747839848,17.807164869852393,0.03,2,150.08,20.0
OBJ_008,59031.68233774614,17.817276131605006,0.03,1,150.08,20.0
OBJ_008,59032.68766016473,17.766599241874964,0.03,1,150.08,20.0
OBJ_008,59037.51057243697,17.73670868759309,0.03,1,150.08,20.0
OBJ_008,59038.18072041809,17.833775460143837,0.03,2,150.08,20.0
OBJ_008,59039.43746684561,17.80929312260807,0.03,1,150.08,20.0
OBJ_008,59043.281629649966,17.77403071613821,0.03,1,150.08,20.0
OBJ_008,59044.29309272629,17.753340089158804,0.03,2,150.08,20.0
OBJ_008,59047.83162798054,17.689220613979014,0.03,2,150.08,20.0
OBJ_008,59048.60206751702,17.78440218685592,0.03,1,150.08,20.0
OBJ_008,59049.01168184496,17.742021237171784,0.03,1,150.08,20.0
OBJ_008,59050.68246972357,17.770014161980917,0.03,1,150.08,20.0
OBJ_008,59052.342273090035,17.810155644612642,0.03,1,150.08,20.0
OBJ_008,59053.51524655946,17.81760701068515,0.03,2,150.08,20.0
OBJ_008,59055.51208285685,17.812556923852267,0.03,2,150.08,20.0
OBJ_008,59056.087441421354,17.889360092010236,0.03,2,150.08,20.0
OBJ_008,59057.842850805864,17.83486280185898,0.03,1,150.08,20.0
OBJ_008,59059.17523446348,17.739302966611334,0.03,1,150.08,20.0
OBJ_008,59059.26884725557,17.735691779222602,0.03,1,150.08,20.0
OBJ_008,59062.558268259956,17.89301441162942,0.03,1,150.08,20.0
OBJ_008,59062.751623919656,17.743440567485326,0.03,2,150.08,20.0
OBJ_008,59062.87815413458,17.774400108273312,0.03,2,150.08,20.0
OBJ_008,59063.523877437794,17.86384982978779,0.03,2,150.08,20.0
OBJ_008,59065.470681873616,17.86237266912475,0.03,1,150.08,20.0
OBJ_008,59070.438674511395,17.773875273941837,0.03,2,150.08,20.0
OBJ_008,59070.52864821852,17.788704029476914,0.03,1,150.08,20.0
OBJ_008,59070.549284716944,17.694851410295936,0.03,2,150.08,20.0
OBJ_008,59071.498955341,17.731189440373868,0.03,2,150.08,20.0
OBJ_008,59074.48145284077,17.758343918894486,0.03,2,150.08,20.0
OBJ_008,59075.12293635262,17.776323866925537,0.03,2,150.08,20.0
OBJ_008,59075.85905714335,17.760440851597117,0.03,1,150.08,20.0
OBJ_008,59083.841217893576,17.784221574478757,0.03,2,150.08,20.0
OBJ_008,59086.34492409516,17.886241951094743,0.03,2,150.08,20.0
OBJ_008,59086.57413572115,17.799823918444922,0.03,1,150.08,20.0
OBJ_008,59087.84517002639,17.792042234787708,0.03,2,150.08,20.0
OBJ_008,59088.4670363521,17.77669819319454,0.03,1,150.08,20.0
OBJ_009,59003.220250342594,17.019670881727084,0.03,2,150.09,20.0
OBJ_009,59003.40638222716,16.986582041657083,0.03,2,150.09,20.0
OBJ_009,59007.08927342554,16.997750606887536,0.03,1,150.09,20.0
OBJ_009,59010.32440271565,17.045649367188457,0.03,1,150.09,20.0
OBJ_009,59013.20194087186,17.006456852181792,0.03,2,150.09,20.0
OBJ_009,59014.20938861524,17.002253758193923,0.03,2,150.09,20.0
OBJ_009,59016.45361505567,17.010489314305453,0.03,1,150.09,20.0
OBJ_009,59022.6456294212,16.91979702814185,0.03,1,150.09,20.0
OBJ_009,59023.900631363016,16.971302363621334,0.03,1,150.09,20.0
OBJ_009,59025.08724410135,16.912712542619804,0.03,2,150.09,20.0
OBJ_009,59029.98120895639,16.92802996482171,0.03,2,150.09,20.0
OBJ_009,59030.31183095353,16.968434795277417,0.03,2,150.09,20.0
OBJ_009,59030.56010386298,17.026120001260853,0.03,2,150.09,20.0
OBJ_009,59033.167885654184,17.075936321047067,0.03,2,150.09,20.0
OBJ_009,59036.567081434754,16.91876596220749,0.03,2,150.09,20.0
OBJ_009,59036.56838528111,16.981692141170043,0.03,2,150.09,20.0
OBJ_009,59037.41105292625,16.969480098541812,0.03,1,150.09,20.0
OBJ_009,59039.72227754822,16.999387401473264,0.03,1,150.09,20.0
OBJ_009,59043.260996700716,17.002146114467568,0.03,1,150.09,20.0
OBJ_009,59045.47061205464,16.991146678566913,0.03,1,150.09,20.0
OBJ_009,59045.72870265579,16.924666793229743,0.03,1,150.09,20.0
OBJ_009,59052.820287798204,16.99275939149976,0.03,2,150.09,20.0
OBJ_009,59053.0505083065,17.017641956006006,0.03,2,150.09,20.0
OBJ_009,59053.28210831917,16.947356078729793,0.03,1,150.09,20.0
OBJ_009,59058.45923371959,17.071933866531644,0.03,1,150.09,20.0
OBJ_009,59059.44464907574,16.96127996125477,0.03,1,150.09,20.0
OBJ_009,59059.99307423855,16.94133261046239,0.03,1,150.09,20.0
OBJ_009,59062.275407931025,16.987844572272515,0.03,1,150.09,20.0
OBJ_009,59063.65196332494,16.96014614614514,0.03,2,150.09,20.0
OBJ_009,59064.115178729575,16.904666979646844,0.03,2,150.09,20.0
OBJ_009,59064.705573488885,16.97171778102597,0.03,1,150.09,20.0
OBJ_009,59064.999799039426,17.05281074239704,0.03,2,150.09,20.0
OBJ_009,59066.86671574458,17.07315223622411,0.03,2,150.09,20.0
OBJ_009,59068.38012273104,16.944673547327582,0.03,1,150.09,20.0
OBJ_009,59069.42225915431,17.018289350534207,0.03,2,150.09,20.0
OBJ_009,59071.11420726346,16.97965209309477,0.03,1,150.09,20.0
OBJ_009,59073.15304924673,16.98721995183473,0.03,1,150.09,20.0
OBJ_009,59075.11841602753,17.036394181012806,0.03,1,150.09,20.0
OBJ_009,59076.25443027951,17.01562919676657,0.03,1,150.09,20.0
OBJ_009,59077.653741330454,16.98074164114019,0.03,2,150.09,20.0
OBJ_009,59078.3309416869,16.92658840606784,0.03,1,150.09,20.0
OBJ_009,59078.54827314558,16.916826578273824,0.03,2,150.09,20.0
OBJ_009,59080.07220415668,16.969824714829752,0.03,2,150.09,20.0
OBJ_009,59080.50418139121,16.989206286725462,0.03,1,150.09,20.0
OBJ_009,59081.05042664506,16.99818421496507,0.03,1,150.09,20.0
OBJ_009,59081.2593039657,17.0121240880209,0.03,2,150.09,20.0
OBJ_009,59081.284387299434,17.02200487679202,0.03,2,150.09,20.0
OBJ_009,59081.537115462386,16.852871785514388,0.03,2,150.09,20.0
OBJ_009,59082.698724461094,17.0181976370036,0.03,2,150.09,20.0
OBJ_009,59083.384453907114,16.92065323152309,0.03,2,150.09,20.0
OBJ_009,59083.644605491245,17.028729049089968,0.03,1,150.09,20.0
OBJ_009,59085.25504820123,16.989857836749234,0.03,2,150.09,20.0
OBJ_009,59085.26950746784,17.00455361124147,0.03,1,150.09,20.0
OBJ_009,59086.066628883986,16.945979332941913,0.03,2,150.09,20.0
OBJ_009,59086.861770975076,16.98715818642042,0.03,1,150.09,20.0
OBJ_009,59087.27055313237,16.879664991382604,0.03,1,150.09,20.0
OBJ_009,59087.34620074319,17.027787951187346,0.03,2,150.09,20.0
OBJ_009,59089.40853976234,16.95648368342008,0.03,2,150.09,20.0
OBJ_009,59089.65675580218,16.843571605610602,0.03,2,150.09,20.0
OBJ_009,59089.82607110597,17.02609979803508,0.03,2,150.09,20.0
OBJ_010,59000.26785232109,18.87690551724181,0.03,1,150.1,20.0
OBJ_010,59000.726129712355,18.858460649587958,0.03,1,150.1,20.0
OBJ_010,59001.939274515564,18.86212379716091,0.03,2,150.1,20.0
OBJ_010,59004.25861463505,19.012741576651955,0.03,2,150.1,20.0
OBJ_010,59006.63534538334,18.86708624153275,0.03,1,150.1,20.0
OBJ_010,59007.00156392877,18.908078514067896,0.03,1,150.1,20.0
OBJ_010,59008.42184274794,18.910533955240904,0.03,1,150.1,20.0
OBJ_010,59010.70369061126,18.9713608784556,0.03,1,150.1,20.0
OBJ_010,59013.4373575235,18.832891815250097,0.03,2,150.1,20.0
OBJ_010,59013.81396976071,18.917844459647476,0.03,2,150.1,20.0
OBJ_010,59014.731505535114,18.98052728753758,0.03,1,150.1,20.0
OBJ_010,59016.98487277404,18.975552858304678,0.03,2,150.1,20.0
OBJ_010,59017.30334121206,18.94027346991697,0.03,2,150.1,20.0
OBJ_010,59018.71877108431,18.90676091582615,0.03,1,150.1,20.0
OBJ_010,59018.88397982502,19.007692042526898,0.03,1,150.1,20.0
OBJ_010,59019.62149546547,18.836210511369195,0.03,2,150.1,20.0
OBJ_010,59020.03942920749,18.96885713395574,0.03,1,150.1,20.0
OBJ_010,59020.79271501508,18.94521676462744,0.03,1,150.1,20.0
OBJ_010,59022.183528417874,18.94935970441553,0.03,1,150.1,20.0
OBJ_010,59022.38720907321,18.933098311707205,0.03,2,150.1,20.0
OBJ_010,59023.608545845695,18.930066877567498,0.03,1,150.1,20.0
OBJ_010,59025.101316315304,18.966347269985256,0.03,1,150.1,20.0
OBJ_010,59026.63500739183,18.862155630762615,0.03,2,150.1,20.0
OBJ_010,59027.34324444923,18.85748027291789,0.03,1,150.1,20.0
OBJ_010,59029.15879529293,18.92793053196234,0.03,1,150.1,20.0
OBJ_010,59029.32975754518,18.92241540977926,0.03,1,150.1,20.0
OBJ_010,59030.26142917577,18.927990878312134,0.03,2,150.1,20.0
OBJ_010,59033.921316062006,18.999329519370406,0.03,2,150.1,20.0
OBJ_010,59035.38359243561,18.890842402517166,0.03,2,150.1,20.0
OBJ_010,59035.715838636745,18.957373808252186,0.03,1,150.1,20.0
OBJ_010,59036.55778646507,18.939030255382157,0.03,1,150.1,20.0
OBJ_010,59036.68944434651,19.03813599031217,0.03,2,150.1,20.0
OBJ_010,59039.79003476337,18.8496985376202,0.03,2,150.1,20.0
OBJ_010,59040.561316055326,18.89250751427856,0.03,2,150.1,20.0
OBJ_010,59041.29512478897,18.896968368493503,0.03,1,150.1,20.0
OBJ_010,59043.662987988,18.985838015025355,0.03,2,150.1,20.0
OBJ_010,59045.736196794176,18.878811941653353,0.03,1,150.1,20.0
OBJ_010,59046.171719925806,19.002705020170964,0.03,2,150.1,20.0
OBJ_010,59046.71861721115,18.999713285851882,0.03,2,150.1,20.0
OBJ_010,59054.437394129905,18.963088502739843,0.03,1,150.1,20.0
OBJ_010,59058.70092622662,18.941676672206498,0.03,1,150.1,20.0
OBJ_010,59059.728771673006,18.841998960748317,0.03,1,150.1,20.0
OBJ_010,59061.10014181716,18.928915345539064,0.03,2,150.1,20.0
OBJ_010,59061.23729881272,18.848274287258228,0.03,2,150.1,20.0
OBJ_010,59065.84681116842,18.901676550714573,0.03,1,150.1,20.0
OBJ_010,59067.77550756754,18.929962906859966,0.03,2,150.1,20.0
OBJ_010,59069.069874641384,18.904364301246687,0.03,2,150.1,20.0
OBJ_010,59069.76029810766,18.9673481513056,0.03,1,150.1,20.0
OBJ_010,59075.446504123036,18.913349062838662,0.03,1,150.1,20.0
OBJ_010,59080.30855615756,18.84237875918159,0.03,2,150.1,20.0
OBJ_010,59080.54424979524,18.86680500889361,0.03,2,150.1,20.0
OBJ_010,59081.561206502054,18.856112450689317,0.03,1,150.1,20.0
OBJ_010,59081.70382779393,18.90398635130685,0.03,2,150.1,20.0
OBJ_010,59082.318963709295,18.982187113046137,0.03,2,150.1,20.0
OBJ_010,59083.149597271935,18.94509517260248,0.03,2,150.1,20.0
OBJ_010,59086.237998193144,18.93678334377413,0.03,2,150.1,20.0
OBJ_010,59086.55341193696,18.855538800537513,0.03,1,150.1,20.0
OBJ_010,59088.310085170124,19.038266062844656,0.03,2,150.1,20.0
OBJ_010,59088.496062637234,18.918394712085725,0.03,2,150.1,20.0
OBJ_010,59088.533264744576,19.040653503686755,0.03,2,150.1,20.0
OBJ_011,59000.77725882488,17.126809456625143,0.03,1,150.11,20.0
OBJ_011,59000.82368722724,17.154003928123213,0.03,2,150.11,20.0
OBJ_011,59002.22274951787,17.138024510765707,0.03,1,150.11,20.0
OBJ_011,59002.652789482025,17.13575820226867,0.03,1,150.11,20.0
OBJ_011,59007.571111787176,17.202677913283576,0.03,2,150.11,20.0
OBJ_011,59007.71804832107,17.173435926757346,0.03,1,150.11,20.0
OBJ_011,59008.22820789496,16.973028757832456,0.03,1,150.11,20.0
OBJ_011,59011.24246029465,17.100512673325696,0.03,2,150.11,20.0
OBJ_011,59012.72468998534,17.039843255981232,0.03,2,150.11,20.0
OBJ_011,59013.90751975461,17.08421394230022,0.03,1,150.11,20.0
OBJ_011,59015.291540473765,17.157224458749234,0.03,2,150.11,20.0
OBJ_011,59015.480288290535,17.108611459303294,0.03,1,150.11,20.0
OBJ_011,59016.05655628998,17.097251302342,0.03,2,150.11,20.0
OBJ_011,59018.99991068484,17.184519341984156,0.03,2,150.11,20.0
OBJ_011,59020.15118755523,17.04348186842644,0.03,2,150.11,20.0
OBJ_011,59021.4136100143,17.113980048001096,0.03,1,150.11,20.0
OBJ_011,59024.27492363385,17.14610870844924,0.03,1,150.11,20.0
OBJ_011,59024.71881405316,17.119877500736013,0.03,2,150.11,20.0
OBJ_011,59027.814597486824,17.06050700494943,0.03,1,150.11,20.0
OBJ_011,59028.87904259981,17.117542387341445,0.03,1,150.11,20.0
OBJ_011,59030.08839940845,17.15904637427556,0.03,2,150.11,20.0
OBJ_011,59030.62943382835,17.13653326416872,0.03,1,150.11,20.0
OBJ_011,59031.38560832511,17.13455533679432,0.03,2,150.11,20.0
OBJ_011,59032.133883984,17.134043166983837,0.03,1,150.11,20.0
OBJ_011,59032.575649352715,17.12543035009763,0.03,2,150.11,20.0
OBJ_011,59034.31770994359,17.0566077253879,0.03,1,150.11,20.0
OBJ_011,59038.728687510826,17.103215656186993,0.03,2,150.11,20.0
OBJ_011,59040.3490347722,17.14021265015753,0.03,1,150.11,20.0
OBJ_011,59040.42202939755,16.96294530537954,0.03,1,150.11,20.0
OBJ_011,59042.09206199381,17.15652966379947,0.03,2,150.11,20.0
OBJ_011,59042.79659403176,17.13554198861335,0.03,1,150.11,20.0
OBJ_011,59044.05906532179,17.064461779961373,0.03,1,150.11,20.0
OBJ_011,59044.16261608946,17.081353260509868,0.03,2,150.11,20.0
OBJ_011,59047.17290994415,17.108478700690895,0.03,2,150.11,20.0
OBJ_011,59047.82277225129,17.13934251346576,0.03,1,150.11,20.0
OBJ_011,59050.296923765156,17.099969433163228,0.03,1,150.11,20.0
OBJ_011,59050.38046633759,17.177020920905257,0.03,1,150.11,20.0
OBJ_011,59052.0614435148,17.13932704613044,0.03,1,150.11,20.0
OBJ_011,59054.17985948942,17.079342195213044,0.03,1,150.11,20.0
OBJ_011,59054.54523337494,17.095111669556875,0.03,2,150.11,20.0
OBJ_011,59055.204986817815,17.130049746681863,0.03,2,150.11,20.0
OBJ_011,59059.46455348783,17.155089467087198,0.03,1,150.11,20.0
OBJ_011,59060.394236672815,17.152671539282586,0.03,1,150.11,20.0
OBJ_011,59062.21270877338,17.113791077923526,0.03,2,150.11,20.0
OBJ_011,59065.715482101536,17.12614551788419,0.03,1,150.11,20.0
OBJ_011,59066.1083156292,17.117415713437648,0.03,1,150.11,20.0
OBJ_011,59068.62314081846,17.159770261770312,0.03,2,150.11,20.0
OBJ_011,59069.101057725675,17.06935853969177,0.03,1,150.11,20.0
OBJ_011,59070.020665425356,17.14881290014649,0.03,1,150.11,20.0
OBJ_011,59072.167442137965,17.026050612353718,0.03,1,150.11,20.0
OBJ_011,59075.92705541377,17.141222413465538,0.03,1,150.11,20.0
OBJ_011,59076.579837464385,17.131481406290117,0.03,1,150.11,20.0
OBJ_011,59079.711111103854,17.118652057911536,0.03,2,150.11,20.0
OBJ_011,59080.141160512736,17.012040298990527,0.03,2,150.11,20.0
OBJ_011,59080.60504379291,17.197006969011976,0.03,1,150.11,20.0
OBJ_011,59082.3909914087,17.16359132276003,0.03,2,150.11,20.0
OBJ_011,59085.402361881504,17.11994318216135,0.03,2,150.11,20.0
OBJ_011,59085.47358341267,17.141606132043655,0.03,1,150.11,20.0
OBJ_011,59087.22006803559,17.07170165794814,0.03,1,150.11,20.0
OBJ_011,59089.57517782292,17.144284423179517,0.03,2,150.11,20.0
OBJ_012,59000.63791209822,17.919635836666448,0.03,1,150.12,20.0
OBJ_012,59002.745863774115,17.90038648040777,0.03,1,150.12,20.0
OBJ_012,59003.52188308066,17.842957782142715,0.03,2,150.12,20.0
OBJ_012,59004.06970334788,17.976068041563522,0.03,1,150.12,20.0
OBJ_012,59005.65435701422,17.85341226033188,0.03,2,150.12,20.0
OBJ_012,59008.515785666204,17.86206053677831,0.03,2,150.12,20.0
OBJ_012,59008.87569655599,17.93840538330706,0.03,2,150.12,20.0
OBJ_012,59008.89363112491,17.914585593677977,0.03,2,150.12,20.0
OBJ_012,59009.96671510299,17.865790001588675,0.03,1,150.12,20.0
OBJ_012,59011.94292188028,17.872714484861845,0.03,2,150.12,20.0
OBJ_012,59015.05022038471,17.897656979144028,0.03,1,150.12,20.0
OBJ_012,59015.83152048839,17.88378774468743,0.03,1,150.12,20.0
OBJ_012,59016.08683151608,17.937918169888377,0.03,2,150.12,20.0
OBJ_012,59016.20938718506,17.847380897773046,0.03,2,150.12,20.0
OBJ_012,59016.58709925996,17.9237578876434,0.03,1,150.12,20.0
OBJ_012,59016.72055453772,17.982118594579944,0.03,1,150.12,20.0
OBJ_012,59017.701237889516,17.915659963314077,0.03,1,150.12,20.0
OBJ_012,59018.13954668005,17.861177183278407,0.03,2,150.12,20.0
OBJ_012,59018.74371429357,17.869439929597128,0.03,2,150.12,20.0
OBJ_012,59024.54435425937,17.90777507748948,0.03,2,150.12,20.0
OBJ_012,59026.40296194493,17.874381149325064,0.03,2,150.12,20.0
OBJ_012,59026.70433281661,17.96732196728604,0.03,1,150.12,20.0
OBJ_012,59027.25856060111,17.813572668812736,0.03,1,150.12,20.0
OBJ_012,59029.24871217335,17.987539994587067,0.03,1,150.12,20.0
OBJ_012,59029.56612564134,17.804342363009823,0.03,1,150.12,20.0
OBJ_012,59029.74017929929,17.903541410021717,0.03,2,150.12,20.0
OBJ_012,59030.258544436765,17.851443243459336,0.03,2,150.12,20.0
OBJ_012,59031.704980106806,17.94660101562462,0.03,1,150.12,20.0
OBJ_012,59033.652654041936,17.866890169857022,0.03,1,150.12,20.0
OBJ_012,59034.118806337035,17.84893846129549,0.03,1,150.12,20.0
OBJ_012,59036.52384231839,17.88859060457843,0.03,1,150.12,20.0
OBJ_012,59038.70716482058,17.885041418497693,0.03,2,150.12,20.0
OBJ_012,59038.98934838433,17.80884034707161,0.03,1,150.12,20.0
OBJ_012,59039.14935908174,17.928317660874633,0.03,2,150.12,20.0
OBJ_012,59039.359281969635,17.78596057911865,0.03,1,150.12,20.0
OBJ_012,59041.17539720739,17.96440871929773,0.03,1,150.12,20.0
OBJ_012,59044.24182100144,17.889088609940714,0.03,2,150.12,20.0
OBJ_012,59044.26080125459,17.953242192651597,0.03,1,150.12,20.0
OBJ_012,59044.28705887848,17.875563944429814,0.03,2,150.12,20.0
OBJ_012,59047.62167485944,17.865936500345388,0.03,1,150.12,20.0
OBJ_012,59049.468566517244,17.938179260757835,0.03,2,150.12,20.0
OBJ_012,59049.5602383827,17.876384865807236,0.03,2,150.12,20.0
OBJ_012,59054.452367790094,17.82821154963586,0.03,1,150.12,20.0
OBJ_012,59054.693583675755,17.901238009902254,0.03,1,150.12,20.0
OBJ_012,59058.567261860924,17.83673837339995,0.03,2,150.12,20.0
OBJ_012,59060.97910923275,17.904946492577576,0.03,1,150.12,20.0
OBJ_012,59061.61117593261,17.974538828749928,0.03,1,150.12,20.0
OBJ_012,59066.91037052975,17.95372527245767,0.03,1,150.12,20.0
OBJ_012,59072.70481948899,17.905684440243018,0.03,1,150.12,20.0
OBJ_012,59073.97026765416,17.89730591729078,0.03,1,150.12,20.0
OBJ_012,59075.035786405766,17.889752583869523,0.03,2,150.12,20.0
OBJ_012,59075.67714079574,17.87371458389729,0.03,2,150.12,20.0
OBJ_012,59076.64195908519,17.92334554782701,0.03,1,150.12,20.0
OBJ_012,59077.06767035025,17.89769759888228,0.03,2,150.12,20.0
OBJ_012,59078.28414933326,17.88650689608784,0.03,2,150.12,20.0
OBJ_012,59082.1408076669,17.91909424066858,0.03,1,150.12,20.0
OBJ_012,59084.699011475466,17.804673017112165,0.03,2,150.12,20.0
OBJ_012,59085.86024370326,18.00341586267914,0.03,1,150.12,20.0
OBJ_012,59086.10991444159,17.93709854581154,0.03,2,150.12,20.0
OBJ_012,59089.246790305886,17.83590368762076,0.03,2,150.12,20.0
OBJ_013,59003.01843580239,17.295209764295038,0.03,1,150.13,20.0
OBJ_013,59004.03697574745,17.2977110394353,0.03,1,150.13,20.0
OBJ_013,59004.23444970485,17.2516360701392,0.03,1,150.13,20.0
OBJ_013,59004.8686838705,17.23386329975531,0.03,2,150.13,20.0
OBJ_013,59005.40371318061,17.196733035722215,0.03,1,150.13,20.0
OBJ_013,59006.07785613349,17.192731613855926,0.03,1,150.13,20.0
OBJ_013,59007.009839098915,17.270642291720335,0.03,2,150.13,20.0
OBJ_013,59007.34232890198,17.198011601554928,0.03,1,150.13,20.0
OBJ_013,59007.52729725033,17.275992998238316,0.03,2,150.13,20.0
OBJ_013,59008.706555736586,17.236849254129208,0.03,1,150.13,20.0
OBJ_013,59008.77761865466,17.255440070590897,0.03,1,150.13,20.0
OBJ_013,59010.96744619478,17.383016682426657,0.03,2,150.13,20.0
OBJ_013,59012.199188430124,17.27916142420626,0.03,2,150.13,20.0
OBJ_013,59014.95280688795,17.259570651804335,0.03,1,150.13,20.0
OBJ_013,59015.582656174425,17.268081506077426,0.03,2,150.13,20.0
OBJ_013,59020.144960205114,17.203065437091915,0.03,1,150.13,20.0
OBJ_013,59022.019764901524,17.343705760894796,0.03,1,150.13,20.0
OBJ_013,59023.61325701348,17.319139118685776,0.03,1,150.13,20.0
OBJ_013,59025.0931563921,17.250148541138522,0.03,1,150.13,20.0
OBJ_013,59025.155940409975,17.288212706171592,0.03,1,150.13,20.0
OBJ_013,59025.22135762977,17.243169411434163,0.03,2,150.13,20.0
OBJ_013,59028.01224696475,17.296562359203723,0.03,1,150.13,20.0
OBJ_013,59028.78859715119,17.209599661801892,0.03,1,150.13,20.0
OBJ_013,59028.94000710956,17.29012183286302,0.03,1,150.13,20.0
OBJ_013,59030.27702194409,17.351811789644245,0.03,1,150.13,20.0
OBJ_013,59030.74112726097,17.29906236144024,0.03,2,150.13,20.0
OBJ_013,59031.1958808745,17.247243828368813,0.03,2,150.13,20.0
OBJ_013,59032.97741338774,17.324236796696596,0.03,2,150.13,20.0
OBJ_013,59036.79272560561,17.374275447541745,0.03,2,150.13,20.0
OBJ_013,59037.572806081494,17.313294999383643,0.03,1,150.13,20.0
OBJ_013,59041.98830271133,17.281609998368715,0.03,1,150.13,20.0
OBJ_013,59045.47439704617,17.236637381390484,0.03,2,150.13,20.0
OBJ_013,59046.161107376836,17.29853024918779,0.03,1,150.13,20.0
OBJ_013,59046.63165867932,17.372861634967744,0.03,2,150.13,20.0
OBJ_013,59048.77242856889,17.17590428933936,0.03,1,150.13,20.0
OBJ_013,59048.86240957365,17.325612768816264,0.03,1,150.13,20.0
OBJ_013,59050.58845952708,17.28413789142745,0.03,1,150.13,20.0
OBJ_013,59050.58860448533,17.352416131629163,0.03,2,150.13,20.0
OBJ_013,59050.95047069553,17.270351546918658,0.03,2,150.13,20.0
OBJ_013,59051.25014182944,17.1685621727122,0.03,1,150.13,20.0
OBJ_013,59056.21812264935,17.37632016726615,0.03,2,150.13,20.0
OBJ_013,59064.29716810555,17.218779153015525,0.03,2,150.13,20.0
OBJ_013,59064.82609726833,17.31676430881645,0.03,1,150.13,20.0
OBJ_013,59065.01332060424,17.270369783528704,0.03,1,150.13,20.0
OBJ_013,59067.08823272075,17.274768982944103,0.03,2,150.13,20.0
OBJ_013,59067.31366865473,17.28362949055648,0.03,2,150.13,20.0
OBJ_013,59067.43442327921,17.249454994330197,0.03,1,150.13,20.0
OBJ_013,59068.14507824375,17.286077490578233,0.03,1,150.13,20.0
OBJ_013,59070.40944270001,17.292132048712737,0.03,2,150.13,20.0
OBJ_013,59072.64389640776,17.31682832581104,0.03,2,150.13,20.0
OBJ_013,59076.27040520077,17.282999373234148,0.03,1,150.13,20.0
OBJ_013,59080.39134247527,17.292682905648014,0.03,1,150.13,20.0
OBJ_013,59080.66128232327,17.34315752379704,0.03,1,150.13,20.0
OBJ_013,59082.218606534836,17.23164720724483,0.03,2,150.13,20.0
OBJ_013,59082.31284025732,17.280255492569893,0.03,1,150.13,20.0
OBJ_013,59082.611549492205,17.30066392343671,0.03,1,150.13,20.0
OBJ_013,59085.76421514389,17.328520117847003,0.03,1,150.13,20.0
OBJ_013,59087.21772172272,17.27356919057851,0.03,2,150.13,20.0
OBJ_013,59087.95529595971,17.281715742034223,0.03,2,150.13,20.0
OBJ_013,59088.54109308796,17.259500951118333,0.03,1,150.13,20.0
OBJ_014,59002.070736768655,17.967700918164425,0.03,2,150.14,20.0
OBJ_014,59002.726384173795,17.907518874405927,0.03,1,150.14,20.0
OBJ_014,59003.24543969194,18.022885770922482,0.03,2,150.14,20.0
OBJ_014,59004.01921327284,17.940972087861695,0.03,1,150.14,20.0
OBJ_014,59004.06602667659,17.94692357119962,0.03,1,150.14,20.0
OBJ_014,59004.274717057764,18.004945052975966,0.03,2,150.14,20.0
OBJ_014,59004.65989934612,17.921363956198324,0.03,1,150.14,20.0
OBJ_014,59007.44170851998,17.95871899540787,0.03,1,150.14,20.0
OBJ_014,59008.0110502909,18.048398245151006,0.03,1,150.14,20.0
OBJ_014,59008.68749058374,17.97934471591396,0.03,1,150.14,20.0
OBJ_014,59008.767462639575,17.973478702442094,0.03,2,150.14,20.0
OBJ_014,59009.55294222656,17.934967787692305,0.03,2,150.14,20.0
OBJ_014,59012.551889669434,17.9090755527942,0.03,1,150.14,20.0
OBJ_014,59015.104797695065,18.04622800753197,0.03,1,150.14,20.0
OBJ_014,59020.8466057722,17.950782158345355,0.03,2,150.14,20.0
OBJ_014,59026.589761407835,18.053687122943153,0.03,2,150.14,20.0
OBJ_014,59026.63124677737,17.9245928178082,0.03,2,150.14,20.0
OBJ_014,59034.4436231031,18.021535194471333,0.03,1,150.14,20.0
OBJ_014,59034.8101246321,17.948521716875398,0.03,2,150.14,20.0
OBJ_014,59036.24598381834,17.979626643674283,0.03,1,150.14,20.0
OBJ_014,59037.312640637094,18.01962298737394,0.03,2,150.14,20.0
OBJ_014,59039.09401021604,17.980864285827383,0.03,2,150.14,20.0
OBJ_014,59039.65556652479,17.998916406207556,0.03,1,150.14,20.0
OBJ_014,59039.9689007736,17.88064107357359,0.03,2,150.14,20.0
OBJ_014,59040.09750916091,17.935752478893495,0.03,2,150.14,20.0
OBJ_014,59040.93103524532,18.06102200102502,0.03,1,150.14,20.0
OBJ_014,59041.46779374934,17.94733073460804,0.03,2,150.14,20.0
OBJ_014,59042.240597814314,17.97471903680063,0.03,2,150.14,20.0
OBJ_014,59043.61013139415,17.950633066972067,0.03,2,150.14,20.0
OBJ_014,59045.11483235893,17.927708654143746,0.03,1,150.14,20.0
OBJ_014,59049.140770008155,17.884084612058746,0.03,1,150.14,20.0
OBJ_014,59050.18625097554,17.90170046763892,0.03,2,150.14,20.0
OBJ_014,59051.871223964954,18.04291606912214,0.03,1,150.14,20.0
OBJ_014,59052.540889488715,17.954834523439487,0.03,1,150.14,20.0
OBJ_014,59054.08115143346,17.899347123508328,0.03,2,150.14,20.0
OBJ_014,59057.96143589452,17.913584285074986,0.03,1,150.14,20.0
OBJ_014,59059.43356725946,18.002458986265626,0.03,1,150.14,20.0
OBJ_014,59059.73322998502,17.911430058531536,0.03,2,150.14,20.0
OBJ_014,59059.9941057262,17.92751996374593,0.03,2,150.14,20.0
OBJ_014,59060.36422897748,17.902955875274063,0.03,2,150.14,20.0
OBJ_014,59061.4594858669,17.89583104423464,0.03,2,150.14,20.0
OBJ_014,59061.92680716316,18.041240617266304,0.03,1,150.14,20.0
OBJ_014,59063.34558061666,17.951743077341067,0.03,2,150.14,20.0
OBJ_014,59063.74091736336,17.94271220937426,0.03,2,150.14,20.0
OBJ_014,59064.08418008582,17.928715073938438,0.03,1,150.14,20.0
OBJ_014,59065.57509274783,17.994410199539892,0.03,1,150.14,20.0
OBJ_014,59069.70105760295,17.961861121616877,0.03,1,150.14,20.0
OBJ_014,59073.81084775348,17.973404633160783,0.03,2,150.14,20.0
OBJ_014,59076.441346618936,17.965630847819277,0.03,1,150.14,20.0
OBJ_014,59076.84825233676,17.94092147134107,0.03,1,150.14,20.0
OBJ_014,59077.43251152372,17.934743131721465,0.03,1,150.14,20.0
OBJ_014,59081.28040254426,17.87204244919222,0.03,1,150.14,20.0
OBJ_014,59082.24731150525,17.934198643936917,0.03,2,150.14,20.0
OBJ_014,59084.06169675632,18.06696545088564,0.03,2,150.14,20.0
OBJ_014,59084.22590656686,17.896815724290473,0.03,2,150.14,20.0
OBJ_014,59085.13988185713,17.959006147625654,0.03,1,150.14,20.0
OBJ_014,59087.856931152855,17.97557382653789,0.03,2,150.14,20.0
OBJ_014,59087.959099041145,18.01848881105548,0.03,2,150.14,20.0
OBJ_014,59088.216370512004,18.09170138523914,0.03,1,150.14,20.0
OBJ_014,59089.05160205444,17.93894775867659,0.03,1,150.14,20.0
OBJ_015,59000.03402763939,17.23171813475072,0.03,2,150.15,20.0
OBJ_015,59003.672480370114,17.240511616292086,0.03,1,150.15,20.0
OBJ_015,59003.773421802376,17.249801764638118,0.03,2,150.15,20.0
OBJ_015,59005.8924984323,17.188257714441118,0.03,2,150.15,20.0
OBJ_015,59005.89901233664,17.164366692840623,0.03,1,150.15,20.0
OBJ_015,59007.21424043912,17.156115848038247,0.03,2,150.15,20.0
OBJ_015,59011.78547226816,17.224668093884237,0.03,2,150.15,20.0
OBJ_015,59012.20124133708,17.14503319989103,0.03,1,150.15,20.0
OBJ_015,59013.78400529088,17.13443013854107,0.03,2,150.15,20.0
OBJ_015,59017.9136186127,17.20782629029546,0.03,2,150.15,20.0
OBJ_015,59018.00504533125,17.20625665343181,0.03,1,150.15,20.0
OBJ_015,59020.067984684014,17.211933926501423,0.03,2,150.15,20.0
OBJ_015,59021.827397038345,17.137645542653082,0.03,1,150.15,20.0
OBJ_015,59026.07138075178,17.195143304862334,0.03,2,150.15,20.0
OBJ_015,59026.640841376786,17.225871304887438,0.03,2,150.15,20.0
OBJ_015,59027.242637426505,17.15611487138592,0.03,2,150.15,20.0
OBJ_015,59028.45475944551,17.166699527178874,0.03,2,150.15,20.0
OBJ_015,59032.46632811637,17.165208741964268,0.03,1,150.15,20.0
OBJ_015,59032.684277891036,17.256067363741035,0.03,2,150.15,20.0
OBJ_015,59036.71644804515,17.22514687545706,0.03,1,150.15,20.0
OBJ_015,59037.83895463804,17.113077951337512,0.03,1,150.15,20.0
OBJ_015,59039.01182364997,17.104068868981056,0.03,1,150.15,20.0
OBJ_015,59039.44253827135,17.212611980187344,0.03,1,150.15,20.0
OBJ_015,59040.00864509523,17.169451290067276,0.03,1,150.15,20.0
OBJ_015,59040.22473126188,17.206735068492403,0.03,2,150.15,20.0
OBJ_015,59040.54049851521,17.193391216285768,0.03,1,150.15,20.0
OBJ_015,59041.057260523885,17.230586488502805,0.03,1,150.15,20.0
OBJ_015,59041.36439123228,17.098820693566527,0.03,1,150.15,20.0
OBJ_015,59042.31439468264,17.152713294417293,0.03,2,150.15,20.0
OBJ_015,59044.4220841498,17.19265614827656,0.03,2,150.15,20.0
OBJ_015,59046.98930853751,17.191829921337984,0.03,1,150.15,20.0
OBJ_015,59047.27684963886,17.132699476847076,0.03,1,150.15,20.0
OBJ_015,59049.86861700049,17.15374849770538,0.03,1,150.15,20.0
OBJ_015,59050.8426523781,17.15081430386265,0.03,1,150.15,20.0
OBJ_015,59050.99455404613,17.182340403055154,0.03,2,150.15,20.0
OBJ_015,59051.498369909066,17.215134657248715,0.03,1,150.15,20.0
OBJ_015,59052.092740197855,17.166333019909043,0.03,1,150.15,20.0
OBJ_015,59053.174629839064,17.172453741993426,0.03,2,150.15,20.0
OBJ_015,59054.8661237193,17.075397569479243,0.03,1,150.15,20.0
OBJ_015,59054.872662375696,17.127051272803286,0.03,1,150.15,20.0
OBJ_015,59055.57370368408,17.272755447472726,0.03,1,150.15,20.0
OBJ_015,59057.01605959638,17.09437106336087,0.03,2,150.15,20.0
OBJ_015,59059.21810413833,17.248326036774262,0.03,1,150.15,20.0
OBJ_015,59060.027392510034,17.165211855169506,0.03,2,150.15,20.0
OBJ_015,59061.90360769853,17.081946357286842,0.03,2,150.15,20.0
OBJ_015,59064.15679728432,17.25299067385254,0.03,2,150.15,20.0
OBJ_015,59064.822366302215,17.24430988934794,0.03,1,150.15,20.0
OBJ_015,59066.818100222605,17.154944033595307,0.03,1,150.15,20.0
OBJ_015,59069.31244178759,17.223470294240073,0.03,2,150.15,20.0
OBJ_015,59071.75004116991,17.162311717907524,0.03,2,150.15,20.0
OBJ_015,59073.303708034284,17.182652758409397,0.03,1,150.15,20.0
OBJ_015,59073.345458491545,17.188419919702476,0.03,2,150.15,20.0
OBJ_015,59076.284973521586,17.168555917049343,0.03,2,150.15,20.0
OBJ_015,59078.0877304527,17.206325075801406,0.03,2,150.15,20.0
OBJ_015,59079.04763518953,17.19939389498653,0.03,1,150.15,20.0
OBJ_015,59085.54650276014,17.153962200284674,0.03,2,150.15,20.0
OBJ_015,59087.0085883321,17.194906102736248,0.03,2,150.15,20.0
OBJ_015,59088.51962214127,17.154077068292022,0.03,1,150.15,20.0
OBJ_015,59089.5151512076,17.186797377527885,0.03,1,150.15,20.0
OBJ_015,59089.960152409265,17.155262964750584,0.03,2,150.15,20.0
OBJ_016,59000.87036908612,16.2403987598908,0.03,2,150.16,20.0
OBJ_016,59002.81737308396,16.28573889482212,0.03,1,150.16,20.0
OBJ_016,59003.78384663149,16.266782618877926,0.03,1,150.16,20.0
OBJ_016,59006.838963304406,16.226675482754732,0.03,1,150.16,20.0
OBJ_016,59007.599625357245,16.302735693034382,0.03,1,150.16,20.0
OBJ_016,59012.71401595426,16.24031618459105,0.03,1,150.16,20.0
OBJ_016,59012.89853195267,16.365310360057016,0.03,1,150.16,20.0
OBJ_016,59013.16174849297,16.283555697129245,0.03,2,150.16,20.0
OBJ_016,59016.20366966445,16.27201516031745,0.03,1,150.16,20.0
OBJ_016,59021.380863059356,16.284566227429455,0.03,2,150.16,20.0
OBJ_016,59021.87016275954,16.2876620066206,0.03,2,150.16,20.0
OBJ_016,59022.137070809826,16.272561426295344,0.03,1,150.16,20.0
OBJ_016,59022.819230292145,16.285384063513877,0.03,2,150.16,20.0
OBJ_016,59025.51099487316,16.253782059576743,0.03,1,150.16,20.0
OBJ_016,59025.78419963627,16.257550662504464,0.03,1,150.16,20.0
OBJ_016,59026.338883889366,16.308874813001893,0.03,2,150.16,20.0
OBJ_016,59028.23176047789,16.175705121691532,0.03,2,150.16,20.0
OBJ_016,59030.15665277357,16.242548477609528,0.03,1,150.16,20.0
OBJ_016,59030.33874267611,16.282950397775686,0.03,2,150.16,20.0
OBJ_016,59032.34420238149,16.299641660304303,0.03,1,150.16,20.0
OBJ_016,59032.716797702844,16.2629955631507,0.03,1,150.16,20.0
OBJ_016,59032.85092353142,16.289333839720697,0.03,2,150.16,20.0
OBJ_016,59034.3360050629,16.265049402569804,0.03,2,150.16,20.0
OBJ_016,59037.8135898044,16.18948695924462,0.03,1,150.16,20.0
OBJ_016,59039.50698767314,16.329546179938237,0.03,1,150.16,20.0
OBJ_016,59041.441682669174,16.295922437340383,0.03,2,150.16,20.0
OBJ_016,59047.123571552576,16.234654786439194,0.03,1,150.16,20.0
OBJ_016,59048.351005051496,16.356271385226904,0.03,2,150.16,20.0
OBJ_016,59055.24145571984,16.316397362173593,0.03,2,150.16,20.0
OBJ_016,59055.61287513513,16.25124741440576,0.03,2,150.16,20.0
OBJ_016,59058.20511144831,16.337850974070673,0.03,2,150.16,20.0
OBJ_016,59059.631364670655,16.309474029045997,0.03,1,150.16,20.0
OBJ_016,59059.82195385887,16.323966376165018,0.03,1,150.16,20.0
OBJ_016,59060.67433901249,16.252432949890323,0.03,1,150.16,20.0
OBJ_016,59061.067467728804,16.254690963192807,0.03,2,150.16,20.0
OBJ_016,59062.46120917284,16.24139943000781,0.03,2,150.16,20.0
OBJ_016,59063.1276355385,16.255469713793282,0.03,1,150.16,20.0
OBJ_016,59069.04505865508,16.16686821949894,0.03,2,150.16,20.0
OBJ_016,59069.79810420527,16.33671094115639,0.03,2,150.16,20.0
OBJ_016,59070.91858719912,16.223500227984065,0.03,1,150.16,20.0
OBJ_016,59071.61286040088,16.31100825725965,0.03,1,150.16,20.0
OBJ_016,59072.69613909104,16.21761167235114,0.03,2,150.16,20.0
OBJ_016,59074.23306991395,16.288362978346186,0.03,2,150.16,20.0
OBJ_016,59074.53532098518,16.222905053612706,0.03,1,150.16,20.0
OBJ_016,59074.56886153574,16.28152868848139,0.03,2,150.16,20.0
OBJ_016,59074.68067656841,16.202537825526395,0.03,1,150.16,20.0
OBJ_016,59076.74821253753,16.25292658478156,0.03,1,150.16,20.0
OBJ_016,59077.20205146279,16.315504674662176,0.03,1,150.16,20.0
OBJ_016,59077.59867247206,16.293217448950315,0.03,1,150.16,20.0
OBJ_016,59077.66868257548,16.291074932733952,0.03,2,150.16,20.0
OBJ_016,59079.5751926478,16.239600841159834,0.03,1,150.16,20.0
OBJ_016,59080.572291616496,16.17269602682869,0.03,1,150.16,20.0
OBJ_016,59081.57795764787,16.237871349946925,0.03,1,150.16,20.0
OBJ_016,59081.57889856458,16.256975100013616,0.03,1,150.16,20.0
OBJ_016,59082.789661382594,16.356485086835146,0.03,2,150.16,20.0
OBJ_016,59083.10503216529,16.31099883278458,0.03,2,150.16,20.0
OBJ_016,59083.60237145538,16.298345755867558,0.03,2,150.16,20.0
OBJ_016,59085.4743977906,16.253429468327433,0.03,1,150.16,20.0
OBJ_016,59085.7770041438,16.246059659859604,0.03,1,150.16,20.0
OBJ_016,59087.65318464153,16.314553725119787,0.03,1,150.16,20.0
OBJ_017,59000.694520381694,16.5367986480258,0.03,1,150.17,20.0
OBJ_017,59001.33924417192,16.507730625096276,0.03,2,150.17,20.0
OBJ_017,59001.912756596364,16.486979325084388,0.03,1,150.17,20.0
OBJ_017,59003.10370643239,16.372501793449963,0.03,1,150.17,20.0
OBJ_017,59006.124249286564,16.487512473011922,0.03,2,150.17,20.0
OBJ_017,59007.57826338562,16.444998618442902,0.03,2,150.17,20.0
OBJ_017,59011.88011879218,16.53154149946545,0.03,2,150.17,20.0
OBJ_017,59012.53443551143,16.481327102585784,0.03,1,150.17,20.0
OBJ_017,59016.15437151415,16.439524214917732,0.03,2,150.17,20.0
OBJ_017,59022.804727074756,16.450493077371036,0.03,1,150.17,20.0
OBJ_017,59025.084135814635,16.417580755276035,0.03,1,150.17,20.0
OBJ_017,59025.271609036834,16.45027775005712,0.03,2,150.17,20.0
OBJ_017,59030.48417021883,16.493414447724536,0.03,2,150.17,20.0
OBJ_017,59030.70851567642,16.536596284928944,0.03,1,150.17,20.0
OBJ_017,59031.674560501015,16.503647904377907,0.03,2,150.17,20.0
OBJ_017,59031.80632858745,16.518139897167465,0.03,2,150.17,20.0
OBJ_017,59034.832747404864,16.52221037426482,0.03,1,150.17,20.0
OBJ_017,59035.18821171143,16.461473780325164,0.03,2,150.17,20.0
OBJ_017,59036.60772061271,16.550312399727,0.03,2,150.17,20.0
OBJ_017,59039.21811911141,16.410069767590617,0.03,2,150.17,20.0
OBJ_017,59039.5442969255,16.48382422833219,0.03,2,150.17,20.0
OBJ_017,59041.85261255171,16.451367343289633,0.03,2,150.17,20.0
OBJ_017,59042.30572197469,16.379382834601156,0.03,2,150.17,20.0
OBJ_017,59043.317854122535,16.5606048397093,0.03,1,150.17,20.0
OBJ_017,59044.02234622928,16.377770534215134,0.03,2,150.17,20.0
OBJ_017,59045.08053901663,16.512122618824367,0.03,2,150.17,20.0
OBJ_017,59046.41180563962,16.567313858740064,0.03,1,150.17,20.0
OBJ_017,59048.5245215863,16.467498935753667,0.03,2,150.17,20.0
OBJ_017,59049.35855462954,16.471886523917835,0.03,1,150.17,20.0
OBJ_017,59049.3783529925,16.382715950202417,0.03,2,150.17,20.0
OBJ_017,59050.4536553103,16.465164756548315,0.03,1,150.17,20.0
OBJ_017,59055.40544329167,16.55020102367905,0.03,1,150.17,20.0
OBJ_017,59055.7260764256,16.451549134232764,0.03,1,150.17,20.0
OBJ_017,59056.791537058416,16.428935158059247,0.03,2,150.17,20.0
OBJ_017,59058.75936614728,16.361867608573156,0.03,2,150.17,20.0
OBJ_017,59060.32002148563,16.54193903616803,0.03,2,150.17,20.0
OBJ_017,59061.65410199638,16.49824452662306,0.03,1,150.17,20.0
OBJ_017,59063.956282422245,16.462554128722775,0.03,2,150.17,20.0
OBJ_017,59064.08673438315,16.529794299757853,0.03,2,150.17,20.0
OBJ_017,59064.915953010284,16.45112103783637,0.03,2,150.17,20.0
OBJ_017,59064.9992066704,16.460954179543787,0.03,1,150.17,20.0
OBJ_017,59065.60856651623,16.58385615148775,0.03,1,150.17,20.0
OBJ_017,59066.31414957222,16.43284182280013,0.03,1,150.17,20.0
OBJ_017,59066.4477555615,16.492171725354172,0.03,1,150.17,20.0
OBJ_017,59071.008628160846,16.488831281026847,0.03,1,150.17,20.0
OBJ_017,59071.63814905893,16.482527208619935,0.03,2,150.17,20.0
OBJ_017,59073.077807065085,16.477968794094846,0.03,2,150.17,20.0
OBJ_017,59074.72733311148,16.412322071342732,0.03,1,150.17,20.0
OBJ_017,59076.8923526166,16.470780060859727,0.03,2,150.17,20.0
OBJ_017,59077.7283668632,16.46553155835547,0.03,1,150.17,20.0
OBJ_017,59077.854445902325,16.444208884480226,0.03,1,150.17,20.0
OBJ_017,59078.22209025262,16.43597810812987,0.03,1,150.17,20.0
OBJ_017,59079.33742815511,16.42756899360623,0.03,1,150.17,20.0
OBJ_017,59080.052735214114,16.437183762434522,0.03,2,150.17,20.0
OBJ_017,59081.572048902795,16.498109904873203,0.03,2,150.17,20.0
OBJ_017,59082.17579179119,16.479477918722704,0.03,1,150.17,20.0
OBJ_017,59082.19087754216,16.560429981220604,0.03,1,150.17,20.0
OBJ_017,59083.24504907632,16.50782175110548,0.03,1,150.17,20.0
OBJ_017,59089.704201883374,16.44790217909129,0.03,2,150.17,20.0
OBJ_017,59089.90479283332,16.450699324372284,0.03,1,150.17,20.0
OBJ_018,59000.338582554534,18.50846418618582,0.03,1,150.18,20.0
OBJ_018,59001.66169636241,18.52652835615373,0.03,1,150.18,20.0
OBJ_018,59001.86557394772,18.444372656742765,0.03,1,150.18,20.0
OBJ_018,59003.96343929504,18.509801613845237,0.03,2,150.18,20.0
OBJ_018,59004.46362997094,18.334647089250915,0.03,1,150.18,20.0
OBJ_018,59005.58382021214,18.51257599595635,0.03,2,150.18,20.0
OBJ_018,59007.21653556055,18.387216737255358,0.03,2,150.18,20.0
OBJ_018,59008.147678865564,18.611497335308773,0.03,1,150.18,20.0
OBJ_018,59012.268990808465,18.502927714903883,0.03,2,150.18,20.0
OBJ_018,59015.189299893704,18.45454221916249,0.03,2,150.18,20.0
OBJ_018,59016.99784823262,18.54188360475938,0.03,2,150.18,20.0
OBJ_018,59017.81593200162,18.445997336287988,0.03,2,150.18,20.0
OBJ_018,59018.16546401988,18.491178350520606,0.03,1,150.18,20.0
OBJ_018,59018.72982289086,18.470974263770543,0.03,2,150.18,20.0
OBJ_018,59024.1381383864,18.4852784750519,0.03,2,150.18,20.0
OBJ_018,59024.43637503981,18.457242358931712,0.03,2,150.18,20.0
OBJ_018,59024.81454188146,18.50712658303526,0.03,1,150.18,20.0
OBJ_018,59025.29673139116,18.448227101790025,0.03,2,150.18,20.0
OBJ_018,59025.315425806286,18.490845620961434,0.03,1,150.18,20.0
OBJ_018,59025.65648493663,18.51664426679638,0.03,1,150.18,20.0
OBJ_018,59028.371261564585,18.455444379917893,0.03,2,150.18,20.0
OBJ_018,59029.611314464026,18.527000826393103,0.03,1,150.18,20.0
OBJ_018,59029.90916194335,18.509505761067878,0.03,1,150.18,20.0
OBJ_018,59030.70203197625,18.470443428727297,0.03,1,150.18,20.0
OBJ_018,59032.322935933655,18.45951981980877,0.03,1,150.18,20.0
OBJ_018,59032.65664671982,18.482779847364625,0.03,2,150.18,20.0
OBJ_018,59034.311596873755,18.462577178316995,0.03,1,150.18,20.0
OBJ_018,59038.70513576601,18.45952805533262,0.03,2,150.18,20.0
OBJ_018,59038.70663428101,18.478585018651593,0.03,2,150.18,20.0
OBJ_018,59041.98605227296,18.4746076910769,0.03,1,150.18,20.0
OBJ_018,59043.983491226114,18.490558455135616,0.03,2,150.18,20.0
OBJ_018,59044.50169675122,18.55620894232405,0.03,1,150.18,20.0
OBJ_018,59047.37182805938,18.530808171747,0.03,2,150.18,20.0
OBJ_018,59048.02469652863,18.527697592285943,0.03,1,150.18,20.0
OBJ_018,59048.59502903039,18.51108539628733,0.03,1,150.18,20.0
OBJ_018,59049.618858743954,18.455030167863566,0.03,2,150.18,20.0
OBJ_018,59049.75204032649,18.432186517778767,0.03,1,150.18,20.0
OBJ_018,59051.41036883556,18.473841414785827,0.03,1,150.18,20.0
OBJ_018,59052.81885201052,18.544527517193863,0.03,2,150.18,20.0
OBJ_018,59055.494986075995,18.545179437565608,0.03,2,150.18,20.0
OBJ_018,59057.06227953322,18.41231851618037,0.03,1,150.18,20.0
OBJ_018,59058.491654951664,18.396512287872408,0.03,2,150.18,20.0
OBJ_018,59059.979286726135,18.56896260440778,0.03,1,150.18,20.0
OBJ_018,59061.05187795777,18.55647026831567,0.03,1,150.18,20.0
OBJ_018,59063.36363406404,18.453891502699175,0.03,2,150.18,20.0
OBJ_018,59063.62685204528,18.481358709891616,0.03,1,150.18,20.0
OBJ_018,59064.391447364054,18.487719035354296,0.03,2,150.18,20.0
OBJ_018,59065.789751348915,18.540378838824424,0.03,2,150.18,20.0
OBJ_018,59070.1179302872,18.460820775194403,0.03,2,150.18,20.0
OBJ_018,59071.36126387009,18.514809100601536,0.03,1,150.18,20.0
OBJ_018,59073.43841516644,18.498908503743678,0.03,2,150.18,20.0
OBJ_018,59073.96052299556,18.50025115762659,0.03,1,150.18,20.0
OBJ_018,59074.26570261176,18.537920421612547,0.03,1,150.18,20.0
OBJ_018,59074.54071346516,18.492552530887078,0.03,2,150.18,20.0
OBJ_018,59075.17154132108,18.42115349949347,0.03,1,150.18,20.0
OBJ_018,59075.69191618791,18.53033982708662,0.03,2,150.18,20.0
OBJ_018,59078.52805723816,18.460867199703745,0.03,2,150.18,20.0
OBJ_018,59079.07741158135,18.53011017978217,0.03,1,150.18,20.0
OBJ_018,59082.51673680803,18.49845705104892,0.03,1,150.18,20.0
OBJ_018,59084.183134147475,18.436318251617706,0.03,2,150.18,20.0
OBJ_019,59005.15267748652,16.20833057139748,0.03,1,150.19,20.0
OBJ_019,59007.961847872684,16.06290511770822,0.03,1,150.19,20.0
OBJ_019,59009.01737516277,16.088281964375923,0.03,1,150.19,20.0
OBJ_019,59010.623455184235,16.08211356909782,0.03,2,150.19,20.0
OBJ_019,59010.67606044519,16.089720493348985,0.03,1,150.19,20.0
OBJ_019,59012.456736772576,16.132496918819275,0.03,2,150.19,20.0
OBJ_019,59013.23576214452,16.142320684160723,0.03,1,150.19,20.0
OBJ_019,59014.068430094834,16.087030774188854,0.03,1,150.19,20.0
OBJ_019,59015.37125681311,16.178913986790583,0.03,2,150.19,20.0
OBJ_019,59016.35227920888,16.098746932838328,0.03,2,150.19,20.0
OBJ_019,59019.396538364046,16.106534410715412,0.03,2,150.19,20.0
OBJ_019,59019.55568127456,16.067833184292205,0.03,2,150.19,20.0
OBJ_019,59020.05511759482,16.14572756643899,0.03,2,150.19,20.0
OBJ_019,59022.35793867664,16.14961438078563,0.03,2,150.19,20.0
OBJ_019,59027.77098658606,16.112468968132234,0.03,1,150.19,20.0
OBJ_019,59028.32437581004,16.00467830952492,0.03,1,150.19,20.0
OBJ_019,59030.01706296907,16.100136231655622,0.03,2,150.19,20.0
OBJ_019,59031.74891327154,16.141992502654414,0.03,1,150.19,20.0
OBJ_019,59031.90462258846,16.091464531863288,0.03,2,150.19,20.0
OBJ_019,59034.386758381006,16.107492397118875,0.03,1,150.19,20.0
OBJ_019,59034.76847263448,16.137956609319755,0.03,1,150.19,20.0
OBJ_019,59035.42436105211,16.021359196347788,0.03,2,150.19,20.0
OBJ_019,59037.33201428102,16.15206410818299,0.03,1,150.19,20.0
OBJ_019,59037.63397044107,16.0176438759377,0.03,1,150.19,20.0
OBJ_019,59037.77248892981,16.117105787683077,0.03,1,150.19,20.0
OBJ_019,59040.42544048169,16.14107678552018,0.03,1,150.19,20.0
OBJ_019,59042.35787879348,16.087231394417827,0.03,2,150.19,20.0
OBJ_019,59042.48708742626,16.13568626471655,0.03,1,150.19,20.0
OBJ_019,59043.66837164339,16.137021797606433,0.03,1,150.19,20.0
OBJ_019,59047.4837058979,16.08574219535287,0.03,2,150.19,20.0
OBJ_019,59047.5889287183,16.091109870238927,0.03,1,150.19,20.0
OBJ_019,59048.13625776744,16.152523427545454,0.03,2,150.19,20.0
OBJ_019,59049.61145688197,16.127652466267808,0.03,2,150.19,20.0
OBJ_019,59054.74108408064,16.142353255050203,0.03,1,150.19,20.0
OBJ_019,59058.67307839501,16.132870607510952,0.03,2,150.19,20.0
OBJ_019,59060.195408963395,16.083862356726307,0.03,2,150.19,20.0
OBJ_019,59062.59239347772,16.05948032643525,0.03,2,150.19,20.0
OBJ_019,59062.853332129074,16.061259623735328,0.03,1,150.19,20.0
OBJ_019,59064.4507782197,16.045531290858353,0.03,2,150.19,20.0
OBJ_019,59067.09439805292,16.011888112854756,0.03,1,150.19,20.0
OBJ_019,59067.61312958738,16.082827572517267,0.03,2,150.19,20.0
OBJ_019,59068.51560540794,16.0672880955422,0.03,2,150.19,20.0
OBJ_019,59070.24255457952,16.115545457234703,0.03,1,150.19,20.0
OBJ_019,59070.55542326309,16.10091462181936,0.03,2,150.19,20.0
OBJ_019,59071.006340377666,16.13098625374751,0.03,1,150.19,20.0
OBJ_019,59072.52360047959,16.168620313152488,0.03,2,150.19,20.0
OBJ_019,59072.60760781649,16.06328225510667,0.03,1,150.19,20.0
OBJ_019,59073.11005033324,16.099816641712774,0.03,1,150.19,20.0
OBJ_019,59074.13975035984,16.09329199799736,0.03,1,150.19,20.0
OBJ_019,59075.33397097982,16.068650364632337,0.03,1,150.19,20.0
OBJ_019,59075.34048613855,16.052678364215005,0.03,2,150.19,20.0
OBJ_019,59075.51085214095,16.115311234632852,0.03,1,150.19,20.0
OBJ_019,59076.73240830731,16.125506791576246,0.03,1,150.19,20.0
OBJ_019,59076.76431297765,16.098464882134643,0.03,1,150.19,20.0
OBJ_019,59077.54006195125,16.14044662600483,0.03,2,150.19,20.0
OBJ_019,59078.310944277124,16.127919271509395,0.03,1,150.19,20.0
OBJ_019,59084.57963429092,16.16291195942551,0.03,2,150.19,20.0
OBJ_019,59086.5249096045,16.114491929620947,0.03,2,150.19,20.0
OBJ_019,59086.62116063599,16.119988392620144,0.03,1,150.19,20.0
OBJ_019,59089.31879454329,16.168368581601275,0.03,1,150.19,20.0
OBJ_020,59001.199689311725,18.268607528032213,0.03,2,150.2,20.0
OBJ_020,59008.33094872955,18.29780612954333,0.03,1,150.2,20.0
OBJ_020,59009.139732830765,18.303900908520944,0.03,2,150.2,20.0
OBJ_020,59009.632416566,18.342630219241325,0.03,1,150.2,20.0
OBJ_020,59009.822791483995,18.310147133357564,0.03,2,150.2,20.0
OBJ_020,59011.46025999419,18.348420782637227,0.03,2,150.2,20.0
OBJ_020,59011.70726015207,18.231738026891254,0.03,1,150.2,20.0
OBJ_020,59014.807145731145,18.376619468337065,0.03,2,150.2,20.0
OBJ_020,59015.72983650841,18.32897477240542,0.03,2,150.2,20.0
OBJ_020,59015.921397808146,18.38806242623864,0.03,2,150.2,20.0
OBJ_020,59019.92108667424,18.332694073856963,0.03,1,150.2,20.0
OBJ_020,59020.36230305962,18.301009617156136,0.03,1,150.2,20.0
OBJ_020,59021.662717149935,18.313143580158748,0.03,2,150.2,20.0
OBJ_020,59023.955338799715,18.24840942768496,0.03,1,150.2,20.0
OBJ_020,59024.08231135955,18.294778766080054,0.03,1,150.2,20.0
OBJ_020,59025.85067578833,18.31540183327551,0.03,1,150.2,20.0
OBJ_020,59026.029861621966,18.312819944619186,0.03,2,150.2,20.0
OBJ_020,59026.353428927985,18.224266698914,0.03,1,150.2,20.0
OBJ_020,59029.890335490505,18.330625733530812,0.03,2,150.2,20.0
OBJ_020,59032.02394806127,18.25591921666162,0.03,1,150.2,20.0
OBJ_020,59033.794597871696,18.295351197944598,0.03,2,150.2,20.0
OBJ_020,59034.79886912686,18.34864908131734,0.03,1,150.2,20.0
OBJ_020,59035.01180166034,18.270769981681692,0.03,2,150.2,20.0
OBJ_020,59036.09269165453,18.29982928790797,0.03,1,150.2,20.0
OBJ_020,59038.99614920141,18.28407786965837,0.03,1,150.2,20.0
OBJ_020,59040.25382597436,18.333101283253125,0.03,2,150.2,20.0
OBJ_020,59040.26926018678,18.248474235669466,0.03,2,150.2,20.0
OBJ_020,59040.859287498286,18.228525905468977,0.03,2,150.2,20.0
OBJ_020,59042.407139732626,18.20237237318356,0.03,2,150.2,20.0
OBJ_020,59043.07005129498,18.414883048957748,0.03,2,150.2,20.0
OBJ_020,59043.55184678945,18.33997948241969,0.03,1,150.2,20.0
OBJ_020,59044.60041318158,18.386997071010118,0.03,2,150.2,20.0
OBJ_020,59044.84513885117,18.28738340925106,0.03,1,150.2,20.0
OBJ_020,59047.24300448516,18.3622111513354,0.03,2,150.2,20.0
OBJ_020,59049.272946164536,18.28382681526592,0.03,2,150.2,20.0
OBJ_020,59051.05366110661,18.242946321661247,0.03,1,150.2,20.0
OBJ_020,59051.48637623539,18.348433272144412,0.03,1,150.2,20.0
OBJ_020,59051.67696798763,18.291362815296083,0.03,2,150.2,20.0
OBJ_020,59053.03162694192,18.319080508636304,0.03,1,150.2,20.0
OBJ_020,59054.5873332135,18.32703244995561,0.03,1,150.2,20.0
OBJ_020,59055.81377888455,18.335659237493463,0.03,1,150.2,20.0
OBJ_020,59056.62746491909,18.295447674387876,0.03,2,150.2,20.0
OBJ_020,59060.21982644946,18.190612030268603,0.03,2,150.2,20.0
OBJ_020,59061.25992587263,18.24668294972154,0.03,1,150.2,20.0
OBJ_020,59062.94778329858,18.334359970009857,0.03,1,150.2,20.0
OBJ_020,59063.75912535338,18.403431046226583,0.03,2,150.2,20.0
OBJ_020,59065.93580926729,18.3043263748309,0.03,1,150.2,20.0
OBJ_020,59068.329301209385,18.37507307155256,0.03,1,150.2,20.0
OBJ_020,59069.09815689639,18.187250571405784,0.03,2,150.2,20.0
OBJ_020,59069.37665614367,18.38059002782459,0.03,2,150.2,20.0
OBJ_020,59069.40204841057,18.249305998358924,0.03,2,150.2,20.0
OBJ_020,59069.666264548265,18.255410823491673,0.03,1,150.2,20.0
OBJ_020,59070.905557162376,18.291096150073614,0.03,1,150.2,20.0
OBJ_020,59076.199369021204,18.320919450911486,0.03,1,150.2,20.0
OBJ_020,59077.60499343762,18.24619777961576,0.03,1,150.2,20.0
OBJ_020,59077.70325969236,18.35589051175442,0.03,2,150.2,20.0
OBJ_020,59078.25095196727,18.233975285872543,0.03,1,150.2,20.0
OBJ_020,59082.56486812278,18.312886866304336,0.03,2,150.2,20.0
OBJ_020,59083.08823355195,18.26189444545751,0.03,1,150.2,20.0
OBJ_020,59086.9277254258,18.316754615797723,0.03,1,150.2,20.0
OBJ_021,59002.10759289656,18.045676268555102,0.03,1,150.21,20.0
OBJ_021,59004.83361428708,18.094853030664957,0.03,1,150.21,20.0
OBJ_021,59007.45531058916,18.141111009583575,0.03,1,150.21,20.0
OBJ_021,59007.95337679905,18.072662938074263,0.03,1,150.21,20.0
OBJ_021,59010.31468570556,18.12041061838181,0.03,2,150.21,20.0
OBJ_021,59015.72756903541,17.990431539725233,0.03,1,150.21,20.0
OBJ_021,59015.969003213235,18.09800362049393,0.03,2,150.21,20.0
OBJ_021,59017.208552272146,18.144051785520137,0.03,1,150.21,20.0
OBJ_021,59019.38291949532,18.08590410723778,0.03,2,150.21,20.0
OBJ_021,59021.43041027196,18.046013329505,0.03,1,150.21,20.0
OBJ_021,59021.90688382245,18.133348255319092,0.03,1,150.21,20.0
OBJ_021,59022.96686480336,18.028616256566362,0.03,2,150.21,20.0
OBJ_021,59025.745561071795,18.063676040775157,0.03,1,150.21,20.0
OBJ_021,59030.03536003782,18.10848613592686,0.03,1,150.21,20.0
OBJ_021,59030.04140792662,18.032390624449288,0.03,2,150.21,20.0
OBJ_021,59030.411629023154,18.210345733107072,0.03,2,150.21,20.0
OBJ_021,59032.90200682876,18.06830929181352,0.03,1,150.21,20.0
OBJ_021,59034.21984399105,17.977164245562985,0.03,1,150.21,20.0
OBJ_021,59036.70717087435,18.132986732102815,0.03,1,150.21,20.0
OBJ_021,59037.525739340854,18.095906543047665,0.03,2,150.21,20.0
OBJ_021,59038.746171581115,18.07594918380785,0.03,2,150.21,20.0
OBJ_021,59038.76975932338,18.10242686767503,0.03,2,150.21,20.0
OBJ_021,59038.83279000867,18.1099455828011,0.03,1,150.21,20.0
OBJ_021,59039.789105742806,18.072729484471964,0.03,1,150.21,20.0
OBJ_021,59040.08338426232,18.11252017767434,0.03,1,150.21,20.0
OBJ_021,59040.62355952751,18.097688863657154,0.03,1,150.21,20.0
OBJ_021,59041.891409814685,18.12582354495445,0.03,1,150.21,20.0
OBJ_021,59042.84931472091,18.0539981445194,0.03,1,150.21,20.0
OBJ_021,59044.08370293989,18.05892698582411,0.03,1,150.21,20.0
OBJ_021,59045.33894943887,18.109599456028445,0.03,2,150.21,20.0
OBJ_021,59045.57146311587,18.11324523104071,0.03,2,150.21,20.0
OBJ_021,59045.96998440935,18.07699386491524,0.03,1,150.21,20.0
OBJ_021,59047.618470508365,18.08297991168369,0.03,1,150.21,20.0
OBJ_021,59047.68532344329,18.12585370434514,0.03,2,150.21,20.0
OBJ_021,59049.45194831884,18.035567055192015,0.03,2,150.21,20.0
OBJ_021,59049.69428584456,18.018079511623874,0.03,2,150.21,20.0
OBJ_021,59049.91738414984,18.11784320534022,0.03,1,150.21,20.0
OBJ_021,59050.573222162566,18.097400765606128,0.03,1,150.21,20.0
OBJ_021,59052.33937166509,18.042873242259567,0.03,2,150.21,20.0
OBJ_021,59052.700437042775,18.063751502645232,0.03,2,150.21,20.0
OBJ_021,59054.408823530655,18.040058620097703,0.03,2,150.21,20.0
OBJ_021,59059.18881238729,18.051901974093973,0.03,2,150.21,20.0
OBJ_021,59059.42654952054,18.144117524944672,0.03,1,150.21,20.0
OBJ_021,59060.57245912516,18.08047629600744,0.03,2,150.21,20.0
OBJ_021,59061.50287245292,18.022344822957265,0.03,2,150.21,20.0
OBJ_021,59062.25300258524,18.104153253697127,0.03,2,150.21,20.0
OBJ_021,59062.54138072841,18.104278747794588,0.03,1,150.21,20.0
OBJ_021,59068.62081962343,18.074796622519926,0.03,2,150.21,20.0
OBJ_021,59072.62761774205,18.074417927632872,0.03,2,150.21,20.0
OBJ_021,59072.86817316629,18.103070558543187,0.03,2,150.21,20.0
OBJ_021,59073.8472974145,18.116346401672274,0.03,1,150.21,20.0
OBJ_021,59075.88459801988,18.07295456747165,0.03,1,150.21,20.0
OBJ_021,59078.141343219846,18.04958638050036,0.03,1,150.21,20.0
OBJ_021,59078.892096120275,18.066427890211873,0.03,2,150.21,20.0
OBJ_021,59082.54743730896,18.126815277047367,0.03,1,150.21,20.0
OBJ_021,59083.33982785232,18.116474534863166,0.03,1,150.21,20.0
OBJ_021,59087.14650778822,18.056751374717464,0.03,1,150.21,20.0
OBJ_021,59087.27979860786,18.21984352268108,0.03,1,150.21,20.0
OBJ_021,59089.04631883825,18.20334952222202,0.03,1,150.21,20.0
OBJ_021,59089.862515291934,18.025174317932283,0.03,1,150.21,20.0
OBJ_022,59001.063683428365,18.17664017941409,0.03,2,150.22,20.0
OBJ_022,59002.57641901518,18.228903061787122,0.03,1,150.22,20.0
OBJ_022,59002.683076425325,18.116410344556794,0.03,1,150.22,20.0
OBJ_022,59002.94661971101,18.1222143422196,0.03,2,150.22,20.0
OBJ_022,59004.47706118658,18.288816455824694,0.03,1,150.22,20.0
OBJ_022,59004.490400312934,18.170188026506175,0.03,1,150.22,20.0
OBJ_022,59005.32558688869,18.152116223433424,0.03,2,150.22,20.0
OBJ_022,59011.55825391738,18.29310819097626,0.03,2,150.22,20.0
OBJ_022,59011.701033566686,18.153997637185523,0.03,2,150.22,20.0
OBJ_022,59013.965580135286,18.11223734966378,0.03,2,150.22,20.0
OBJ_022,59015.85786535344,18.17287031340324,0.03,1,150.22,20.0
OBJ_022,59017.22227608759,18.10625389699958,0.03,1,150.22,20.0
OBJ_022,59017.56235005058,18.08942958094958,0.03,1,150.22,20.0
OBJ_022,59020.029193797505,18.216952129657063,0.03,2,150.22,20.0
OBJ_022,59022.04782266207,18.140836526048567,0.03,2,150.22,20.0
OBJ_022,59022.38506929317,18.19323826527035,0.03,2,150.22,20.0
OBJ_022,59023.398393256,18.113316846807287,0.03,1,150.22,20.0
OBJ_022,59023.96772347638,18.156671757067357,0.03,2,150.22,20.0
OBJ_022,59023.97645884674,18.107212749603267,0.03,2,150.22,20.0
OBJ_022,59025.39088530549,18.1215110854946,0.03,2,150.22,20.0
OBJ_022,59026.79166199013,18.25625599833101,0.03,1,150.22,20.0
OBJ_022,59030.995784237624,18.20620918545252,0.03,2,150.22,20.0
OBJ_022,59032.819133194826,18.202806706426973,0.03,1,150.22,20.0
OBJ_022,59033.44999787336,18.167655370752765,0.03,2,150.22,20.0
OBJ_022,59036.129716558695,18.15133049244244,0.03,2,150.22,20.0
OBJ_022,59036.131278293615,18.167390215662554,0.03,2,150.22,20.0
OBJ_022,59036.65143778567,18.147190391673544,0.03,2,150.22,20.0
OBJ_022,59037.95456669658,18.194492563086726,0.03,1,150.22,20.0
OBJ_022,59039.15276585827,18.164018909822637,0.03,1,150.22,20.0
OBJ_022,59039.45868362464,18.178601129136037,0.03,1,150.22,20.0
OBJ_022,59039.952074878565,18.302555873577443,0.03,1,150.22,20.0
OBJ_022,59040.1106803358,18.16857376358563,0.03,2,150.22,20.0
OBJ_022,59040.54851444132,18.1143304509601,0.03,2,150.22,20.0
OBJ_022,59044.033292006614,18.248392748815235,0.03,2,150.22,20.0
OBJ_022,59046.89884266573,18.117158591289687,0.03,1,150.22,20.0
OBJ_022,59048.6853505804,18.116947071297336,0.03,2,150.22,20.0
OBJ_022,59049.50755835775,18.25931292666642,0.03,2,150.22,20.0
OBJ_022,59055.848536527425,18.191033828658306,0.03,2,150.22,20.0
OBJ_022,59057.60834330659,18.11825864937493,0.03,1,150.22,20.0
OBJ_022,59060.06755506878,18.17374603459134,0.03,2,150.22,20.0
OBJ_022,59063.20528237908,18.23958515639242,0.03,1,150.22,20.0
OBJ_022,59063.55446043907,18.123479003836714,0.03,2,150.22,20.0
OBJ_022,59064.05160046106,18.17951631212397,0.03,2,150.22,20.0
OBJ_022,59071.700123900955,18.29094252615904,0.03,1,150.22,20.0
OBJ_022,59073.53783259401,18.16239406872068,0.03,1,150.22,20.0
OBJ_022,59077.09322221167,18.085330640327737,0.03,1,150.22,20.0
OBJ_022,59077.64386334163,18.14977215635602,0.03,2,150.22,20.0
OBJ_022,59078.54685807738,18.154770927019577,0.03,2,150.22,20.0
OBJ_022,59079.47816428279,18.142764915104546,0.03,2,150.22,20.0
OBJ_022,59079.85285269316,18.2563543306432,0.03,1,150.22,20.0
OBJ_022,59081.41628801628,18.179330468459376,0.03,2,150.22,20.0
OBJ_022,59081.8132720036,18.170798421998462,0.03,2,150.22,20.0
OBJ_022,59083.19723112596,18.196773405372483,0.03,1,150.22,20.0
OBJ_022,59083.4522243149,18.176701940587968,0.03,1,150.22,20.0
OBJ_022,59084.0234961538,18.07237308350476,0.03,1,150.22,20.0
OBJ_022,59084.46029202555,18.202756988887003,0.03,2,150.22,20.0
OBJ_022,59085.050717681916,18.196367359948685,0.03,1,150.22,20.0
OBJ_022,59085.61515813471,18.18843157166406,0.03,1,150.22,20.0
OBJ_022,59088.39218129275,18.205689628528134,0.03,1,150.22,20.0
OBJ_022,59089.907810429046,18.224734653899812,0.03,1,150.22,20.0
OBJ_023,59004.33910866038,16.699362199506623,0.03,1,150.23,20.0
OBJ_023,59004.52864263895,16.718178364558984,0.03,1,150.23,20.0
OBJ_023,59005.59557581446,16.72328910854464,0.03,2,150.23,20.0
OBJ_023,59006.43858535324,16.77944841314268,0.03,1,150.23,20.0
OBJ_023,59009.26020067642,16.734577486742324,0.03,2,150.23,20.0
OBJ_023,59012.70855432007,16.83600959143788,0.03,1,150.23,20.0
OBJ_023,59014.877320907086,16.819628751404565,0.03,1,150.23,20.0
OBJ_023,59016.2793289913,16.77426097475881,0.03,1,150.23,20.0
OBJ_023,59019.80574620173,16.739920519453566,0.03,2,150.23,20.0
OBJ_023,59020.126634897446,16.757377294159063,0.03,2,150.23,20.0
OBJ_023,59020.506427262524,16.797061470780623,0.03,2,150.23,20.0
OBJ_023,59023.920830195435,16.78355971417802,0.03,1,150.23,20.0
OBJ_023,59025.53536344065,16.771891687592184,0.03,2,150.23,20.0
OBJ_023,59026.30254314226,16.841153984906775,0.03,2,150.23,20.0
OBJ_023,59026.59826327517,16.76502768620896,0.03,1,150.23,20.0
OBJ_023,59027.56503691739,16.77560539608889,0.03,1,150.23,20.0
OBJ_023,59029.54868277723,16.810205888593668,0.03,1,150.23,20.0
OBJ_023,59030.49256404695,16.796047078707133,0.03,1,150.23,20.0
OBJ_023,59031.12581100382,16.83654910666908,0.03,2,150.23,20.0
OBJ_023,59031.585379848126,16.7578917276541,0.03,2,150.23,20.0
OBJ_023,59031.9588448887,16.743572936587604,0.03,1,150.23,20.0
OBJ_023,59033.751877995404,16.815400996137182,0.03,1,150.23,20.0
OBJ_023,59034.568543464076,16.788881698823925,0.03,2,150.23,20.0
OBJ_023,59035.709817602015,16.822103732365395,0.03,2,150.23,20.0
OBJ_023,59035.989434817486,16.818596122860487,0.03,2,150.23,20.0
OBJ_023,59036.016645113734,16.817858415910894,0.03,2,150.23,20.0
OBJ_023,59036.34001397345,16.73375383248154,0.03,1,150.23,20.0
OBJ_023,59036.366058616266,16.77766908466987,0.03,1,150.23,20.0
OBJ_023,59037.35471818982,16.755530153009502,0.03,1,150.23,20.0
OBJ_023,59037.781382546935,16.759159513826777,0.03,1,150.23,20.0
OBJ_023,59038.46142156262,16.788674806268315,0.03,2,150.23,20.0
OBJ_023,59038.49105305063,16.85830292475891,0.03,1,150.23,20.0
OBJ_023,59040.24321126666,16.886932990552786,0.03,2,150.23,20.0
OBJ_023,59043.10908330221,16.741364953136543,0.03,1,150.23,20.0
OBJ_023,59043.90443659198,16.78046942778098,0.03,1,150.23,20.0
OBJ_023,59048.663608427494,16.742261254056334,0.03,1,150.23,20.0
OBJ_023,59049.346685603865,16.74351787044463,0.03,1,150.23,20.0
OBJ_023,59053.1780741597,16.76899189679632,0.03,1,150.23,20.0
OBJ_023,59054.33974333132,16.701420793544678,0.03,2,150.23,20.0
OBJ_023,59058.7861263169,16.800484352892145,0.03,1,150.23,20.0
OBJ_023,59058.853198888195,16.72612887635183,0.03,1,150.23,20.0
OBJ_023,59059.30752991412,16.773763014697398,0.03,1,150.23,20.0
OBJ_023,59059.47682785904,16.7425846764686,0.03,1,150.23,20.0
OBJ_023,59060.66568196581,16.816481563926786,0.03,2,150.23,20.0
OBJ_023,59060.95250171723,16.82252107212325,0.03,2,150.23,20.0
OBJ_023,59063.29982574003,16.812734745846964,0.03,2,150.23,20.0
OBJ_023,59064.15220421372,16.779497349915548,0.03,1,150.23,20.0
OBJ_023,59069.042296052154,16.702031263977428,0.03,1,150.23,20.0
OBJ_023,59069.463497000215,16.729520409665255,0.03,1,150.23,20.0
OBJ_023,59071.384291448245,16.804621977942784,0.03,2,150.23,20.0
OBJ_023,59075.66852626465,16.75200758135587,0.03,2,150.23,20.0
OBJ_023,59077.28583247674,16.766466092437035,0.03,2,150.23,20.0
OBJ_023,59078.38897630252,16.808211363291367,0.03,1,150.23,20.0
OBJ_023,59078.42130121133,16.888152391783297,0.03,2,150.23,20.0
OBJ_023,59078.91354818277,16.745235242945395,0.03,1,150.23,20.0
OBJ_023,59079.033460284074,16.804088355297328,0.03,1,150.23,20.0
OBJ_023,59081.48990261404,16.753955963476447,0.03,2,150.23,20.0
OBJ_023,59087.41921826732,16.72619793540474,0.03,2,150.23,20.0
OBJ_023,59088.73767517075,16.765267811346693,0.03,1,150.23,20.0
OBJ_023,59089.61439360099,16.769860217844165,0.03,1,150.23,20.0
OBJ_024,59000.022362181786,17.741939901999068,0.03,1,150.24,20.0
OBJ_024,59003.22838787324,17.737389990520708,0.03,2,150.24,20.0
OBJ_024,59003.88723307047,17.77747644474674,0.03,1,150.24,20.0
OBJ_024,59004.067542952216,17.80459351460428,0.03,2,150.24,20.0
OBJ_024,59004.50323692315,17.753584735442082,0.03,1,150.24,20.0
OBJ_024,59008.070730420055,17.735411255895222,0.03,1,150.24,20.0
OBJ_024,59012.78449438838,17.665551871917167,0.03,2,150.24,20.0
OBJ_024,59013.02922993338,17.787056711119224,0.03,1,150.24,20.0
OBJ_024,59013.53574352712,17.759382701577735,0.03,2,150.24,20.0
OBJ_024,59014.785797156714,17.66503253369726,0.03,2,150.24,20.0
OBJ_024,59015.443375159266,17.696717339194002,0.03,2,150.24,20.0
OBJ_024,59015.979397235074,17.70611106800096,0.03,2,150.24,20.0
OBJ_024,59016.86185153824,17.733122741346573,0.03,1,150.24,20.0
OBJ_024,59017.516397810185,17.710541617065417,0.03,1,150.24,20.0
OBJ_024,59020.641498898556,17.79430203905577,0.03,2,150.24,20.0
OBJ_024,59021.47805601885,17.7078570987808,0.03,1,150.24,20.0
OBJ_024,59021.54983011181,17.73016302353598,0.03,1,150.24,20.0
OBJ_024,59025.15019274309,17.703093066825115,0.03,1,150.24,20.0
OBJ_024,59026.38312323073,17.789962524766725,0.03,1,150.24,20.0
OBJ_024,59026.870462923274,17.73386749292275,0.03,2,150.24,20.0
OBJ_024,59029.36819896891,17.755686054185105,0.03,2,150.24,20.0
OBJ_024,59030.51036375184,17.783052775098238,0.03,2,150.24,20.0
OBJ_024,59030.66928350047,17.75490657030715,0.03,1,150.24,20.0
OBJ_024,59031.29595345301,17.748326643214497,0.03,2,150.24,20.0
OBJ_024,59031.737771319546,17.793024215484852,0.03,1,150.24,20.0
OBJ_024,59032.24895820569,17.7741528364177,0.03,2,150.24,20.0
OBJ_024,59032.26410089324,17.761213590947616,0.03,1,150.24,20.0
OBJ_024,59033.260623303344,17.736179138878168,0.03,1,150.24,20.0
OBJ_024,59035.77169281785,17.76357457800689,0.03,1,150.24,20.0
OBJ_024,59036.0707156383,17.719462340888736,0.03,2,150.24,20.0
OBJ_024,59036.326242199866,17.83020195598842,0.03,2,150.24,20.0
OBJ_024,59036.46379147682,17.769608388888372,0.03,1,150.24,20.0
OBJ_024,59036.88751539019,17.777936284835977,0.03,1,150.24,20.0
OBJ_024,59037.62968381966,17.723354201637232,0.03,2,150.24,20.0
OBJ_024,59038.08241175893,17.74426103807974,0.03,2,150.24,20.0
OBJ_024,59038.12417074289,17.789933329907452,0.03,2,150.24,20.0
OBJ_024,59038.23961911845,17.65796121816137,0.03,1,150.24,20.0
OBJ_024,59038.87881089469,17.74189209188822,0.03,2,150.24,20.0
OBJ_024,59039.44700590167,17.72333078570138,0.03,2,150.24,20.0
OBJ_024,59040.88768189126,17.69872071989451,0.03,2,150.24,20.0
OBJ_024,59048.336009244165,17.789440558567513,0.03,1,150.24,20.0
OBJ_024,59050.345689795286,17.717023179256866,0.03,2,150.24,20.0
OBJ_024,59051.59090721439,17.703449472874578,0.03,1,150.24,20.0
OBJ_024,59053.64440352087,17.80547725164107,0.03,1,150.24,20.0
OBJ_024,59053.69470557339,17.6614747783735,0.03,1,150.24,20.0
OBJ_024,59055.012561978685,17.80709725838987,0.03,2,150.24,20.0
OBJ_024,59055.054491392046,17.808727185799683,0.03,1,150.24,20.0
OBJ_024,59059.014394122285,17.65319672820351,0.03,2,150.24,20.0
OBJ_024,59059.74578086066,17.744021448697055,0.03,2,150.24,20.0
OBJ_024,59060.616241050455,17.76976117910945,0.03,2,150.24,20.0
OBJ_024,59061.89590878588,17.806310005300823,0.03,1,150.24,20.0
OBJ_024,59065.086290893756,17.728892248011746,0.03,2,150.24,20.0
OBJ_024,59065.63556296268,17.747129766595414,0.03,1,150.24,20.0
OBJ_024,59067.55631749066,17.792650263274254,0.03,2,150.24,20.0
OBJ_024,59070.332855724344,17.710333014596173,0.03,1,150.24,20.0
OBJ_024,59071.86888550148,17.784526142845124,0.03,1,150.24,20.0
OBJ_024,59077.13255386269,17.81067498532342,0.03,2,150.24,20.0
OBJ_024,59078.04285813361,17.70298418436204,0.03,1,150.24,20.0
OBJ_024,59078.36669881157,17.770389230104115,0.03,1,150.24,20.0
OBJ_024,59089.72615689511,17.759320857040787,0.03,2,150.24,20.0
OBJ_025,59000.35615225642,16.464886248662705,0.03,2,150.25,20.0
OBJ_025,59001.31563842287,16.370672821521744,0.03,2,150.25,20.0
OBJ_025,59002.65476557755,16.505273119022213,0.03,2,150.25,20.0
OBJ_025,59003.958726391684,16.402102226575717,0.03,2,150.25,20.0
OBJ_025,59005.270870515604,16.418785293736594,0.03,1,150.25,20.0
OBJ_025,59005.56008410564,16.432957268576928,0.03,2,150.25,20.0
OBJ_025,59008.11175274951,16.57471623274904,0.03,2,150.25,20.0
OBJ_025,59008.49019886946,16.407483032922105,0.03,2,150.25,20.0
OBJ_025,59011.080990013885,16.38323984292045,0.03,2,150.25,20.0
OBJ_025,59018.16508459007,16.39167096678309,0.03,1,150.25,20.0
OBJ_025,59019.44668853913,16.44472981086716,0.03,2,150.25,20.0
OBJ_025,59020.59077200756,16.496675224893544,0.03,2,150.25,20.0
OBJ_025,59020.86249324236,16.360994106296022,0.03,2,150.25,20.0
OBJ_025,59021.669554400265,16.394229356957496,0.03,2,150.25,20.0
OBJ_025,59022.63679405436,16.400891562662014,0.03,1,150.25,20.0
OBJ_025,59023.61250632995,16.392552817483914,0.03,1,150.25,20.0
OBJ_025,59024.4590899162,16.48690867314303,0.03,1,150.25,20.0
OBJ_025,59025.05453927663,16.45613917232726,0.03,1,150.25,20.0
OBJ_025,59028.413393809125,16.482677593873788,0.03,2,150.25,20.0
OBJ_025,59031.074052794655,16.38786914126996,0.03,2,150.25,20.0
OBJ_025,59031.81195899384,16.357016642409437,0.03,2,150.25,20.0
OBJ_025,59032.816228018666,16.409300484464833,0.03,1,150.25,20.0
OBJ_025,59036.55593604016,16.374477598949845,0.03,1,150.25,20.0
OBJ_025,59037.014621855524,16.42260857550763,0.03,2,150.25,20.0
OBJ_025,59038.93375765727,16.464841366189173,0.03,2,150.25,20.0
OBJ_025,59039.444141531734,16.302527094805797,0.03,2,150.25,20.0
OBJ_025,59039.90959737881,16.44877916365247,0.03,2,150.25,20.0
OBJ_025,59046.208982065,16.5189476796568,0.03,2,150.25,20.0
OBJ_025,59046.73829947984,16.3505561928215,0.03,2,150.25,20.0
OBJ_025,59047.279162929626,16.427931101436492,0.03,1,150.25,20.0
OBJ_025,59049.6202975754,16.352963731513338,0.03,1,150.25,20.0
OBJ_025,59050.77285810358,16.368210436634527,0.03,1,150.25,20.0
OBJ_025,59051.733803686846,16.417565318116907,0.03,1,150.25,20.0
OBJ_025,59052.992263018685,16.50308518175974,0.03,2,150.25,20.0
OBJ_025,59053.784172365966,16.49230575362773,0.03,1,150.25,20.0
OBJ_025,59057.14565753859,16.41754739535464,0.03,1,150.25,20.0
OBJ_025,59059.75593590873,16.46319664425121,0.03,2,150.25,20.0
OBJ_025,59059.878691361504,16.273577382779848,0.03,1,150.25,20.0
OBJ_025,59061.54408904388,16.394245885950358,0.03,1,150.25,20.0
OBJ_025,59061.9078587957,16.399310794518872,0.03,2,150.25,20.0
OBJ_025,59063.522715139545,16.440536800368026,0.03,2,150.25,20.0
OBJ_025,59064.21907806001,16.372670103417732,0.03,2,150.25,20.0
OBJ_025,59064.841574182865,16.367600290443665,0.03,2,150.25,20.0
OBJ_025,59064.94640382028,16.365709396027494,0.03,2,150.25,20.0
OBJ_025,59065.03322447477,16.440331469424606,0.03,2,150.25,20.0
OBJ_025,59067.197739161245,16.430594561621433,0.03,2,150.25,20.0
OBJ_025,59067.55299001049,16.39353441316767,0.03,2,150.25,20.0
OBJ_025,59068.45069086074,16.45869336669509,0.03,2,150.25,20.0
OBJ_025,59068.775798418064,16.4048078007319,0.03,1,150.25,20.0
OBJ_025,59069.432400913494,16.380484099672692,0.03,2,150.25,20.0
OBJ_025,59069.5514593307,16.377146587885793,0.03,2,150.25,20.0
OBJ_025,59071.998952492664,16.307152259821915,0.03,2,150.25,20.0
OBJ_025,59072.346503824694,16.42006882823664,0.03,1,150.25,20.0
OBJ_025,59074.82024664908,16.446582258733848,0.03,1,150.25,20.0
OBJ_025,59076.964045441266,16.436764158712453,0.03,1,150.25,20.0
OBJ_025,59078.53094738907,16.544916576373172,0.03,2,150.25,20.0
OBJ_025,59084.31943900763,16.39426550680995,0.03,2,150.25,20.0
OBJ_025,59085.33397701309,16.34736738746766,0.03,1,150.25,20.0
OBJ_025,59087.25124447808,16.501241368185518,0.03,2,150.25,20.0
OBJ_025,59088.32797687746,16.490153725587472,0.03,2,150.25,20.0
OBJ_026,59002.03184492281,17.74716083603722,0.03,2,150.26,20.0
OBJ_026,59002.69475650322,17.83409609141841,0.03,1,150.26,20.0
OBJ_026,59003.07648521677,17.78344411655951,0.03,2,150.26,20.0
OBJ_026,59004.53725076154,17.848072816612582,0.03,2,150.26,20.0
OBJ_026,59004.613305872044,17.85620593064217,0.03,1,150.26,20.0
OBJ_026,59005.078306298245,17.82438814420625,0.03,1,150.26,20.0
OBJ_026,59005.43520559575,17.73387231862221,0.03,2,150.26,20.0
OBJ_026,59007.28230314101,17.76104097731129,0.03,1,150.26,20.0
OBJ_026,59007.63800160426,17.714089427230764,0.03,2,150.26,20.0
OBJ_026,59011.08956872165,17.780109989972765,0.03,2,150.26,20.0
OBJ_026,59012.45866496891,17.761086833167813,0.03,1,150.26,20.0
OBJ_026,59015.023128959605,17.883756114307374,0.03,1,150.26,20.0
OBJ_026,59016.995462739134,17.837826040547142,0.03,2,150.26,20.0
OBJ_026,59017.24119219547,17.793149580707123,0.03,2,150.26,20.0
OBJ_026,59019.5698778351,17.74456674502994,0.03,2,150.26,20.0
OBJ_026,59019.7184371786,17.895861781261843,0.03,1,150.26,20.0
OBJ_026,59019.976311272345,17.76173429927329,0.03,2,150.26,20.0
OBJ_026,59020.29541044929,17.704804552396844,0.03,1,150.26,20.0
OBJ_026,59025.17224997831,17.767971867838465,0.03,1,150.26,20.0
OBJ_026,59028.68710822157,17.73354120040168,0.03,2,150.26,20.0
OBJ_026,59028.94926343281,17.846415755790563,0.03,1,150.26,20.0
OBJ_026,59030.76822941237,17.75424718041758,0.03,1,150.26,20.0
OBJ_026,59030.98518324826,17.831194332836876,0.03,2,150.26,20.0
OBJ_026,59031.389916737986,17.88085250111385,0.03,2,150.26,20.0
OBJ_026,59032.0881000613,17.75958159283788,0.03,1,150.26,20.0
OBJ_026,59032.32898108225,17.799682923718713,0.03,2,150.26,20.0
OBJ_026,59032.6687923415,17.901030222385973,0.03,2,150.26,20.0
OBJ_026,59040.73968571914,17.79218098922417,0.03,2,150.26,20.0
OBJ_026,59040.86645449023,17.7927491436097,0.03,1,150.26,20.0
OBJ_026,59041.31446443329,17.790005629110787,0.03,1,150.26,20.0
OBJ_026,59041.31557052914,17.768076605165312,0.03,1,150.26,20.0
OBJ_026,59045.14803156989,17.76588960187763,0.03,1,150.26,20.0
OBJ_026,59045.98161120423,17.85785656694084,0.03,2,150.26,20.0
OBJ_026,59046.10969842471,17.867586294906385,0.03,1,150.26,20.0
OBJ_026,59049.144104934385,17.760493181460856,0.03,1,150.26,20.0
OBJ_026,59051.96560474707,17.905913404637793,0.03,1,150.26,20.0
OBJ_026,59053.534822784044,17.88797006550868,0.03,1,150.26,20.0
OBJ_026,59054.31271024065,17.790132188648368,0.03,2,150.26,20.0
OBJ_026,59057.580648052106,17.72282591177831,0.03,1,150.26,20.0
OBJ_026,59057.732140153304,17.754487901242747,0.03,1,150.26,20.0
OBJ_026,59061.2001758315,17.7954447011696,0.03,2,150.26,20.0
OBJ_026,59064.97982229945,17.793490540599986,0.03,2,150.26,20.0
OBJ_026,59066.95481683913,17.89150352379677,0.03,2,150.26,20.0
OBJ_026,59070.01547467101,17.74167680582805,0.03,1,150.26,20.0
OBJ_026,59070.77669669353,17.799849375920537,0.03,2,150.26,20.0
OBJ_026,59072.22346218205,17.79593602799964,0.03,1,150.26,20.0
OBJ_026,59073.82827037774,17.846679667098137,0.03,2,150.26,20.0
OBJ_026,59076.94803714319,17.79388423104666,0.03,2,150.26,20.0
OBJ_026,59077.45713286118,17.791564562388373,0.03,1,150.26,20.0
OBJ_026,59078.21994937411,17.80463405117882,0.03,2,150.26,20.0
OBJ_026,59078.76731643931,17.782449869924655,0.03,1,150.26,20.0
OBJ_026,59080.69494329199,17.833094101019206,0.03,1,150.26,20.0
OBJ_026,59081.37967884881,17.833131742167435,0.03,2,150.26,20.0
OBJ_026,59081.67681320644,17.762053106769176,0.03,1,150.26,20.0
OBJ_026,59084.93257709064,17.84818075477875,0.03,2,150.26,20.0
OBJ_026,59085.10442640651,17.82202359208399,0.03,1,150.26,20.0
OBJ_026,59086.02257643154,17.79973622438958,0.03,2,150.26,20.0
OBJ_026,59087.21778375063,17.85449083006437,0.03,1,150.26,20.0
OBJ_026,59088.15193475949,17.869848417735437,0.03,2,150.26,20.0
OBJ_026,59089.78838854056,17.767282198274376,0.03,2,150.26,20.0
OBJ_027,59000.03043215546,17.169638193923497,0.03,2,150.27,20.0
OBJ_027,59001.35052509767,17.180615374618505,0.03,1,150.27,20.0
OBJ_027,59005.6674990905,17.103719743122905,0.03,2,150.27,20.0
OBJ_027,59007.01156638546,17.20283040917374,0.03,2,150.27,20.0
OBJ_027,59007.19830315168,17.112165086936002,0.03,2,150.27,20.0
OBJ_027,59008.50417922919,17.114195695433967,0.03,2,150.27,20.0
OBJ_027,59010.856285873815,17.172414834031414,0.03,1,150.27,20.0
OBJ_027,59013.08889423713,17.116013239007323,0.03,2,150.27,20.0
OBJ_027,59014.38588430153,17.092677781087772,0.03,2,150.27,20.0
OBJ_027,59015.28327447431,17.097458117823656,0.03,2,150.27,20.0
OBJ_027,59017.23223125273,17.029465795635517,0.03,1,150.27,20.0
OBJ_027,59023.51077810719,17.111485905613176,0.03,1,150.27,20.0
OBJ_027,59024.793891290115,17.11439224182939,0.03,1,150.27,20.0
OBJ_027,59025.87571633941,17.17633374248544,0.03,2,150.27,20.0
OBJ_027,59026.02513927426,17.147591905609016,0.03,1,150.27,20.0
OBJ_027,59026.790331002914,17.078106352709533,0.03,1,150.27,20.0
OBJ_027,59029.061468614695,17.155704758543184,0.03,1,150.27,20.0
OBJ_027,59029.12078977852,17.130049947246697,0.03,1,150.27,20.0
OBJ_027,59029.85665133721,17.193697736292265,0.03,1,150.27,20.0
OBJ_027,59029.85847846444,17.16057247827577,0.03,2,150.27,20.0
OBJ_027,59034.717895024776,17.110208960068245,0.03,2,150.27,20.0
OBJ_027,59037.74524928348,17.167578159408503,0.03,2,150.27,20.0
OBJ_027,59042.91589878654,17.0967387433506,0.03,1,150.27,20.0
OBJ_027,59045.372924238734,17.067434047639765,0.03,2,150.27,20.0
OBJ_027,59047.46235598058,17.12749664308234,0.03,2,150.27,20.0
OBJ_027,59048.9743692944,17.14323417332511,0.03,2,150.27,20.0
OBJ_027,59050.508843566684,17.16766766585639,0.03,2,150.27,20.0
OBJ_027,59053.12620280055,17.11393693198458,0.03,1,150.27,20.0
OBJ_027,59054.88643722762,17.118294233333682,0.03,2,150.27,20.0
OBJ_027,59056.64588680169,17.151648777513557,0.03,2,150.27,20.0
OBJ_027,59056.88535503236,17.11176720481641,0.03,2,150.27,20.0
OBJ_027,59058.4439239198,17.195908771094782,0.03,2,150.27,20.0
OBJ_027,59058.56496021709,17.041098052720447,0.03,2,150.27,20.0
OBJ_027,59058.63964172376,17.052080546507487,0.03,1,150.27,20.0
OBJ_027,59059.31955689015,17.101601595409257,0.03,2,150.27,20.0
OBJ_027,59059.38960890678,17.17079237166003,0.03,1,150.27,20.0
OBJ_027,59059.623519982604,17.110798483341394,0.03,2,150.27,20.0
OBJ_027,59062.50939833405,17.047653876694895,0.03,1,150.27,20.0
OBJ_027,59064.01353334469,17.15422019143769,0.03,2,150.27,20.0
OBJ_027,59066.58665452738,17.059170510447657,0.03,1,150.27,20.0
OBJ_027,59069.98532909555,17.1795456128373,0.03,1,150.27,20.0
OBJ_027,59070.39600223985,17.160622887309305,0.03,2,150.27,20.0
OBJ_027,59072.34610029458,17.19065974644487,0.03,2,150.27,20.0
OBJ_027,59073.66538836289,17.178091126539226,0.03,2,150.27,20.0
OBJ_027,59073.79680297779,17.170155613272325,0.03,2,150.27,20.0
OBJ_027,59074.964490880826,17.151172707931735,0.03,1,150.27,20.0
OBJ_027,59076.12139868145,17.09991114738621,0.03,2,150.27,20.0
OBJ_027,59076.246152485066,17.110336140085078,0.03,1,150.27,20.0
OBJ_027,59077.62745241275,17.116096848145215,0.03,1,150.27,20.0
OBJ_027,59079.15566864446,17.125283603481726,0.03,2,150.27,20.0
OBJ_027,59079.96807232244,17.088510168214434,0.03,1,150.27,20.0
OBJ_027,59080.56649526502,17.07886203638839,0.03,2,150.27,20.0
OBJ_027,59081.1569927964,17.186389808391876,0.03,1,150.27,20.0
OBJ_027,59081.517492530525,17.05684369763024,0.03,1,150.27,20.0
OBJ_027,59081.75333203289,17.169385826902342,0.03,1,150.27,20.0
OBJ_027,59081.89162838019,17.21719552892346,0.03,2,150.27,20.0
OBJ_027,59084.044647020266,17.064554387281188,0.03,1,150.27,20.0
OBJ_027,59084.18594599066,17.184932977853208,0.03,1,150.27,20.0
OBJ_027,59085.14605552553,17.10969104932884,0.03,1,150.27,20.0
OBJ_027,59089.288999867895,17.188697629620723,0.03,1,150.27,20.0
OBJ_028,59001.32212993251,16.779073682089066,0.03,2,150.28,20.0
OBJ_028,59003.53890446467,16.932179129204453,0.03,1,150.28,20.0
OBJ_028,59004.915263569266,16.78619656362579,0.03,1,150.28,20.0
OBJ_028,59006.702440195,16.92179937787776,0.03,2,150.28,20.0
OBJ_028,59007.01764601753,16.821496799389546,0.03,2,150.28,20.0
OBJ_028,59007.741534410765,16.875492887597023,0.03,1,150.28,20.0
OBJ_028,59007.93420825141,16.81791793066221,0.03,2,150.28,20.0
OBJ_028,59008.037746198825,16.800608788875635,0.03,1,150.28,20.0
OBJ_028,59008.30285949232,16.79425088858968,0.03,1,150.28,20.0
OBJ_028,59008.64329969887,16.8183997192426,0.03,2,150.28,20.0
OBJ_028,59010.180804280455,16.85157076974016,0.03,2,150.28,20.0
OBJ_028,59010.61732871664,16.909338854937367,0.03,1,150.28,20.0
OBJ_028,59013.84371337807,16.79958426519609,0.03,2,150.28,20.0
OBJ_028,59014.133055225655,16.840691388712486,0.03,1,150.28,20.0
OBJ_028,59015.54574456126,16.82579826035301,0.03,2,150.28,20.0
OBJ_028,59020.271067806345,16.835051744909507,0.03,1,150.28,20.0
OBJ_028,59026.20037863002,16.78811397166105,0.03,2,150.28,20.0
OBJ_028,59029.14456909548,16.770240606961693,0.03,1,150.28,20.0
OBJ_028,59029.42734263619,16.815824127822278,0.03,1,150.28,20.0
OBJ_028,59029.528287230125,16.83765424829292,0.03,1,150.28,20.0
OBJ_028,59030.53668327795,16.95951673078449,0.03,1,150.28,20.0
OBJ_028,59030.73601952428,16.914186843403243,0.03,2,150.28,20.0
OBJ_028,59037.274736391366,16.81901714568252,0.03,2,150.28,20.0
OBJ_028,59041.63971646971,16.77452140716249,0.03,2,150.28,20.0
OBJ_028,59046.50801487888,16.753786147473587,0.03,2,150.28,20.0
OBJ_028,59046.96745819795,16.886431746891656,0.03,2,150.28,20.0
OBJ_028,59047.87668656762,16.89945993956856,0.03,2,150.28,20.0
OBJ_028,59049.48224013208,16.943106028419514,0.03,2,150.28,20.0
OBJ_028,59049.619969894935,16.826136008686202,0.03,2,150.28,20.0
OBJ_028,59050.50725924282,16.858737309751284,0.03,1,150.28,20.0
OBJ_028,59050.88782013924,16.822131668805486,0.03,1,150.28,20.0
OBJ_028,59053.382332430425,16.910506085822295,0.03,2,150.28,20.0
OBJ_028,59053.90581870384,16.885696267363944,0.03,1,150.28,20.0
OBJ_028,59055.31807933512,16.800541355692733,0.03,2,150.28,20.0
OBJ_028,59058.24764864481,16.847722321835565,0.03,1,150.28,20.0
OBJ_028,59060.89323158378,16.789304821027013,0.03,1,150.28,20.0
OBJ_028,59061.89112971996,16.84482792029696,0.03,2,150.28,20.0
OBJ_028,59062.37835446737,16.76849200868555,0.03,2,150.28,20.0
OBJ_028,59062.798811302935,16.84908086290016,0.03,2,150.28,20.0
OBJ_028,59065.23212043009,16.898899934291013,0.03,2,150.28,20.0
OBJ_028,59070.732482389176,16.902466797014917,0.03,2,150.28,20.0
OBJ_028,59071.18882456333,16.777309355631324,0.03,2,150.28,20.0
OBJ_028,59071.80103960948,16.84182101518849,0.03,1,150.28,20.0
OBJ_028,59072.01508273137,16.772506687745164,0.03,1,150.28,20.0
OBJ_028,59072.06691561903,16.8938558607335,0.03,1,150.28,20.0
OBJ_028,59073.19785194671,16.859623604698193,0.03,2,150.28,20.0
OBJ_028,59073.51607361681,16.782524933808016,0.03,1,150.28,20.0
OBJ_028,59074.74060043613,16.793593613599263,0.03,1,150.28,20.0
OBJ_028,59074.75981475036,16.867229862904683,0.03,2,150.28,20.0
OBJ_028,59076.41579792541,16.754333261588943,0.03,1,150.28,20.0
OBJ_028,59080.60571300981,16.842706723077427,0.03,1,150.28,20.0
OBJ_028,59080.97772768218,16.85736147223266,0.03,1,150.28,20.0
OBJ_028,59082.45448565041,16.806267384586242,0.03,1,150.28,20.0
OBJ_028,59083.73434507649,16.82599256937511,0.03,2,150.28,20.0
OBJ_028,59084.868037724336,16.843786654928852,0.03,2,150.28,20.0
OBJ_028,59085.13567782354,16.86815838777812,0.03,2,150.28,20.0
OBJ_028,59086.95011931058,16.77683077043474,0.03,1,150.28,20.0
OBJ_028,59089.03308214742,16.81117618491847,0.03,1,150.28,20.0
OBJ_028,59089.40161607813,16.879312910948325,0.03,1,150.28,20.0
OBJ_028,59089.78194255629,16.708713794220692,0.03,1,150.28,20.0
OBJ_029,59000.33801617412,16.95526251068314,0.03,1,150.29,20.0
OBJ_029,59003.70711982156,16.86299872766548,0.03,1,150.29,20.0
OBJ_029,59005.53505360371,16.89769405810208,0.03,1,150.29,20.0
OBJ_029,59008.16641995976,16.94024688145441,0.03,1,150.29,20.0
OBJ_029,59008.57543110274,16.949867531991245,0.03,2,150.29,20.0
OBJ_029,59011.662033254936,16.86744009391679,0.03,1,150.29,20.0
OBJ_029,59013.055899906525,16.964502854787984,0.03,2,150.29,20.0
OBJ_029,59013.396694031144,16.93195475043425,0.03,1,150.29,20.0
OBJ_029,59015.994960008364,16.85888514863674,0.03,1,150.29,20.0
OBJ_029,59017.86382931791,16.89252188468528,0.03,2,150.29,20.0
OBJ_029,59019.29357012692,16.99633904024044,0.03,2,150.29,20.0
OBJ_029,59019.755263683735,16.924188615712044,0.03,1,150.29,20.0
OBJ_029,59022.12352823738,16.80997119975084,0.03,2,150.29,20.0
OBJ_029,59027.23581217064,16.842415357139675,0.03,1,150.29,20.0
OBJ_029,59030.29675244352,16.980065068563867,0.03,2,150.29,20.0
OBJ_029,59031.818841840046,16.901788888853837,0.03,1,150.29,20.0
OBJ_029,59032.84211666935,16.91292545710116,0.03,1,150.29,20.0
OBJ_029,59036.685433330465,16.84610675856781,0.03,2,150.29,20.0
OBJ_029,59037.10060865288,16.98143476447735,0.03,1,150.29,20.0
OBJ_029,59037.41954560187,16.898684322382728,0.03,1,150.29,20.0
OBJ_029,59037.860967790366,16.874237705502694,0.03,1,150.29,20.0
OBJ_029,59038.996625010426,16.89824128139257,0.03,2,150.29,20.0
OBJ_029,59040.56609513841,17.05492810718148,0.03,2,150.29,20.0
OBJ_029,59040.65647711874,16.90587000355981,0.03,2,150.29,20.0
OBJ_029,59041.65007331256,16.92308161799843,0.03,2,150.29,20.0
OBJ_029,59042.10354346201,16.832719168987875,0.03,1,150.29,20.0
OBJ_029,59045.592081555216,16.872891112079866,0.03,1,150.29,20.0
OBJ_029,59046.46846091087,16.811277767334946,0.03,2,150.29,20.0
OBJ_029,59047.4088183399,16.952182201639705,0.03,1,150.29,20.0
OBJ_029,59049.32183820793,16.870299311194522,0.03,2,150.29,20.0
OBJ_029,59050.161768186656,16.88191132182487,0.03,1,150.29,20.0
OBJ_029,59051.50060051458,16.910606107734843,0.03,2,150.29,20.0
OBJ_029,59051.982125678056,16.92250982125955,0.03,2,150.29,20.0
OBJ_029,59053.819844333266,17.00736729832887,0.03,2,150.29,20.0
OBJ_029,59055.4273624868,16.90551711976476,0.03,2,150.29,20.0
OBJ_029,59057.303353282354,16.95715407290173,0.03,1,150.29,20.0
OBJ_029,59059.253773037715,16.868645022137056,0.03,1,150.29,20.0
OBJ_029,59061.342621418706,16.854645551292496,0.03,2,150.29,20.0
OBJ_029,59061.415412718394,16.86865458711345,0.03,1,150.29,20.0
OBJ_029,59061.72479054984,16.901390889214998,0.03,1,150.29,20.0
OBJ_029,59062.01494672863,16.91722552041393,0.03,2,150.29,20.0
OBJ_029,59062.79515630327,16.957119222621113,0.03,2,150.29,20.0
OBJ_029,59062.95037684409,16.950361272468964,0.03,2,150.29,20.0
OBJ_029,59068.86813032533,16.87611535826227,0.03,2,150.29,20.0
OBJ_029,59072.73509685218,16.91908253437321,0.03,2,150.29,20.0
OBJ_029,59073.398404526735,16.95831552391926,0.03,1,150.29,20.0
OBJ_029,59075.828179580065,16.83747549903955,0.03,1,150.29,20.0
OBJ_029,59075.89492230187,16.870559230779737,0.03,2,150.29,20.0
OBJ_029,59076.542391130024,16.840708373982633,0.03,1,150.29,20.0
OBJ_029,59077.068017258185,16.934681195708468,0.03,1,150.29,20.0
OBJ_029,59077.7677690008,16.903100822244237,0.03,1,150.29,20.0
OBJ_029,59078.0396836943,16.860722209597945,0.03,2,150.29,20.0
OBJ_029,59079.60522628767,16.929735513099235,0.03,2,150.29,20.0
OBJ_029,59079.910574872105,16.886431389062853,0.03,1,150.29,20.0
OBJ_029,59080.53368369588,16.953589430605646,0.03,2,150.29,20.0
OBJ_029,59080.95528051744,16.89447334866837,0.03,2,150.29,20.0
OBJ_029,59081.76822282964,16.92078096247702,0.03,2,150.29,20.0
OBJ_029,59081.99369773655,16.834805922401262,0.03,1,150.29,20.0
OBJ_029,59086.49752221359,16.926898734513962,0.03,1,150.29,20.0
OBJ_029,59088.61653011129,16.885311369700826,0.03,2,150.29,20.0
OBJ_030,59002.8544907823,16.935790056285402,0.03,2,150.3,20.0
OBJ_030,59003.22623060529,17.03507977094887,0.03,2,150.3,20.0
OBJ_030,59004.21792450708,17.0283138428181,0.03,1,150.3,20.0
OBJ_030,59005.198804584754,16.969469023341805,0.03,1,150.3,20.0
OBJ_030,59006.874142062996,16.926475688363823,0.03,1,150.3,20.0
OBJ_030,59007.534173179556,16.914770017228633,0.03,2,150.3,20.0
OBJ_030,59007.614498482864,16.946045128085007,0.03,2,150.3,20.0
OBJ_030,59009.27059596384,16.954314455481896,0.03,2,150.3,20.0
OBJ_030,59010.12519525097,16.910624402657554,0.03,2,150.3,20.0
OBJ_030,59011.14451309408,16.910977768381887,0.03,1,150.3,20.0
OBJ_030,59013.310240980645,16.987996225848292,0.03,2,150.3,20.0
OBJ_030,59014.5153964161,17.023032364248756,0.03,2,150.3,20.0
OBJ_030,59017.38081088947,16.980395915561317,0.03,1,150.3,20.0
OBJ_030,59018.29485174558,16.965491883671795,0.03,2,150.3,20.0
OBJ_030,59019.772730116696,17.02795591885398,0.03,1,150.3,20.0
OBJ_030,59019.843720028824,16.899572440285624,0.03,2,150.3,20.0
OBJ_030,59019.96450879213,16.95152839048231,0.03,2,150.3,20.0
OBJ_030,59020.78768013529,16.93979643809424,0.03,1,150.3,20.0
OBJ_030,59021.83202918003,16.933472393504037,0.03,1,150.3,20.0
OBJ_030,59022.11550725892,16.91168071227868,0.03,1,150.3,20.0
OBJ_030,59022.663100689955,17.009673188087547,0.03,2,150.3,20.0
OBJ_030,59023.18991521545,16.989229733472406,0.03,1,150.3,20.0
OBJ_030,59026.02600368559,16.948068275134403,0.03,2,150.3,20.0
OBJ_030,59030.34971023634,17.036243281568574,0.03,1,150.3,20.0
OBJ_030,59030.45932773104,16.88496129756011,0.03,2,150.3,20.0
OBJ_030,59031.328104418586,16.95028591505916,0.03,1,150.3,20.0
OBJ_030,59031.371052893126,16.912835903452706,0.03,1,150.3,20.0
OBJ_030,59034.572563590686,17.04350307946149,0.03,1,150.3,20.0
OBJ_030,59040.78606701335,16.950675219197663,0.03,1,150.3,20.0
OBJ_030,59041.01729090283,16.975243196556328,0.03,2,150.3,20.0
OBJ_030,59044.420176478954,16.94197790597455,0.03,2,150.3,20.0
OBJ_030,59046.189324059196,17.014619302311026,0.03,2,150.3,20.0
OBJ_030,59048.206858231955,16.987056496306376,0.03,2,150.3,20.0
OBJ_030,59050.213990464676,16.98397241296617,0.03,2,150.3,20.0
OBJ_030,59050.3212081085,16.96751529958254,0.03,1,150.3,20.0
OBJ_030,59053.68292645055,17.002620712095254,0.03,2,150.3,20.0
OBJ_030,59055.0301419233,16.985329424221042,0.03,1,150.3,20.0
OBJ_030,59058.80271798263,16.9907242089696,0.03,2,150.3,20.0
OBJ_030,59058.80925954416,16.888273693292152,0.03,1,150.3,20.0
OBJ_030,59059.2872105013,17.020693276171304,0.03,2,150.3,20.0
OBJ_030,59062.27211187239,17.014220327011454,0.03,2,150.3,20.0
OBJ_030,59062.43943562564,16.994393178806362,0.03,2,150.3,20.0
OBJ_030,59062.72636374783,16.945622686448957,0.03,2,150.3,20.0
OBJ_030,59064.204228077055,16.961864169229774,0.03,2,150.3,20.0
OBJ_030,59064.56708277892,16.90622370664967,0.03,2,150.3,20.0
OBJ_030,59070.47108475846,16.93577730083892,0.03,1,150.3,20.0
OBJ_030,59071.989983831845,17.059868425540266,0.03,1,150.3,20.0
OBJ_030,59072.803032649805,16.954014287908862,0.03,2,150.3,20.0
OBJ_030,59072.83437475329,16.932299998317355,0.03,2,150.3,20.0
OBJ_030,59075.30594329491,16.974577979627323,0.03,1,150.3,20.0
OBJ_030,59077.935143066956,16.953883145024353,0.03,2,150.3,20.0
OBJ_030,59080.056065832665,16.90681891603504,0.03,2,150.3,20.0
OBJ_030,59081.00259926605,16.984579890928554,0.03,2,150.3,20.0
OBJ_030,59081.60972318951,16.93842785031617,0.03,1,150.3,20.0
OBJ_030,59083.67980584118,16.962905936528415,0.03,1,150.3,20.0
OBJ_030,59085.081431131606,17.019511394061446,0.03,2,150.3,20.0
OBJ_030,59085.792297261316,16.97348116066379,0.03,2,150.3,20.0
OBJ_030,59087.67573766331,17.02730447284637,0.03,1,150.3,20.0
OBJ_030,59088.91278233845,16.987073761992086,0.03,2,150.3,20.0
OBJ_030,59089.03097917614,16.926787392364226,0.03,1,150.3,20.0
OBJ_031,59001.920250121046,18.37349683790676,0.03,1,150.31,20.0
OBJ_031,59005.005733981074,18.32515991236715,0.03,1,150.31,20.0
OBJ_031,59005.06201341739,18.37368904160801,0.03,2,150.31,20.0
OBJ_031,59005.480373735176,18.3739469856718,0.03,2,150.31,20.0
OBJ_031,59006.13833740701,18.43224367794331,0.03,2,150.31,20.0
OBJ_031,59006.25005375161,18.428984524889984,0.03,2,150.31,20.0
OBJ_031,59010.17506993446,18.389944992907132,0.03,1,150.31,20.0
OBJ_031,59014.49039373595,18.4332024376718,0.03,1,150.31,20.0
OBJ_031,59015.131864938594,18.36299960142614,0.03,2,150.31,20.0
OBJ_031,59015.13613476791,18.4058993172443,0.03,2,150.31,20.0
OBJ_031,59016.8349159547,18.459710248165226,0.03,1,150.31,20.0
OBJ_031,59017.44480668807,18.387904139374555,0.03,2,150.31,20.0
OBJ_031,59017.596527698435,18.400109656150754,0.03,2,150.31,20.0
OBJ_031,59019.55756340806,18.33636025486808,0.03,2,150.31,20.0
OBJ_031,59020.424438795504,18.394501515851374,0.03,2,150.31,20.0
OBJ_031,59021.191598429046,18.428045808564494,0.03,2,150.31,20.0
OBJ_031,59026.98499564131,18.380171025225337,0.03,2,150.31,20.0
OBJ_031,59029.065365243136,18.476884969549268,0.03,1,150.31,20.0
OBJ_031,59031.36681217902,18.436580713659435,0.03,1,150.31,20.0
OBJ_031,59035.1601632544,18.407857952355144,0.03,2,150.31,20.0
OBJ_031,59036.20685229581,18.45137605897484,0.03,2,150.31,20.0
OBJ_031,59039.406855941335,18.46554424566724,0.03,1,150.31,20.0
OBJ_031,59039.613492841956,18.466349196585494,0.03,2,150.31,20.0
OBJ_031,59042.679505554195,18.354620356399266,0.03,1,150.31,20.0
OBJ_031,59045.32947799712,18.36914525966943,0.03,2,150.31,20.0
OBJ_031,59045.54088477688,18.405168933596944,0.03,2,150.31,20.0
OBJ_031,59046.54508206092,18.36733193384038,0.03,2,150.31,20.0
OBJ_031,59047.28185656772,18.502403910471674,0.03,1,150.31,20.0
OBJ_031,59051.535823412756,18.310068222212657,0.03,1,150.31,20.0
OBJ_031,59051.74879863789,18.414045701556365,0.03,2,150.31,20.0
OBJ_031,59056.25723918495,18.330449690159597,0.03,2,150.31,20.0
OBJ_031,59056.53811888603,18.34989550985224,0.03,2,150.31,20.0
OBJ_031,59056.58372594361,18.46863689009449,0.03,1,150.31,20.0
OBJ_031,59057.22982071632,18.398112699473995,0.03,1,150.31,20.0
OBJ_031,59059.02832718326,18.40996959092663,0.03,2,150.31,20.0
OBJ_031,59059.56060083397,18.427585582000457,0.03,2,150.31,20.0
OBJ_031,59060.02221012954,18.380339343236848,0.03,1,150.31,20.0
OBJ_031,59060.1859787931,18.433614637505514,0.03,2,150.31,20.0
OBJ_031,59060.54945105848,18.43430482442522,0.03,1,150.31,20.0
OBJ_031,59060.78983700645,18.404406558250567,0.03,1,150.31,20.0
OBJ_031,59061.00214689719,18.385913565036137,0.03,1,150.31,20.0
OBJ_031,59061.605466214336,18.41464413836587,0.03,1,150.31,20.0
OBJ_031,59062.919557204616,18.451831557175318,0.03,1,150.31,20.0
OBJ_031,59063.33995358327,18.396167969673662,0.03,1,150.31,20.0
OBJ_031,59066.17578811719,18.39994303493384,0.03,1,150.31,20.0
OBJ_031,59066.3059470599,18.33755118980396,0.03,2,150.31,20.0
OBJ_031,59072.27875344905,18.447795811084696,0.03,1,150.31,20.0
OBJ_031,59072.69746195782,18.372698327213314,0.03,1,150.31,20.0
OBJ_031,59073.78485160365,18.45035579625296,0.03,2,150.31,20.0
OBJ_031,59075.143310141364,18.43023046892897,0.03,2,150.31,20.0
OBJ_031,59076.45979781039,18.467588825055483,0.03,1,150.31,20.0
OBJ_031,59078.44187942774,18.425345784030846,0.03,1,150.31,20.0
OBJ_031,59078.95658588899,18.359813832343598,0.03,1,150.31,20.0
OBJ_031,59080.02564150533,18.521361727811406,0.03,2,150.31,20.0
OBJ_031,59081.29525427973,18.46621193985572,0.03,1,150.31,20.0
OBJ_031,59083.20153868381,18.404950005559243,0.03,1,150.31,20.0
OBJ_031,59084.336874890156,18.370885847615018,0.03,1,150.31,20.0
OBJ_031,59084.987158638774,18.35133294560117,0.03,2,150.31,20.0
OBJ_031,59086.911593959565,18.48185383404284,0.03,2,150.31,20.0
OBJ_031,59089.09148442507,18.392701482495056,0.03,2,150.31,20.0
OBJ_032,59001.327490905074,17.892600241383157,0.03,1,150.32,20.0
OBJ_032,59001.78437421938,17.832919421028254,0.03,2,150.32,20.0
OBJ_032,59003.24122470353,17.828644939881542,0.03,1,150.32,20.0
OBJ_032,59003.499686836556,17.837422266740155,0.03,2,150.32,20.0
OBJ_032,59004.47464244463,17.888624888353178,0.03,2,150.32,20.0
OBJ_032,59009.526723165036,17.85227584483397,0.03,1,150.32,20.0
OBJ_032,59009.88908855275,17.853130356285554,0.03,1,150.32,20.0
OBJ_032,59011.423990114476,17.850388680849065,0.03,2,150.32,20.0
OBJ_032,59011.465855050024,17.864343162049863,0.03,1,150.32,20.0
OBJ_032,59011.8094839121,17.84983048975506,0.03,2,150.32,20.0
OBJ_032,59012.58083104514,17.829804463056178,0.03,1,150.32,20.0
OBJ_032,59013.48115712402,17.812194094524084,0.03,2,150.32,20.0
OBJ_032,59015.3914898709,17.912855430946458,0.03,2,150.32,20.0
OBJ_032,59016.06860734411,17.890041755028122,0.03,1,150.32,20.0
OBJ_032,59017.88253168302,17.863865644926154,0.03,2,150.32,20.0
OBJ_032,59018.45217167722,17.832682482081747,0.03,2,150.32,20.0
OBJ_032,59018.682631316784,17.951651484110958,0.03,2,150.32,20.0
OBJ_032,59019.25997395655,17.845516391436604,0.03,2,150.32,20.0
OBJ_032,59024.065478677694,17.899246930312255,0.03,2,150.32,20.0
OBJ_032,59024.34296378394,17.805655161891618,0.03,2,150.32,20.0
OBJ_032,59025.12571229118,17.91969140727556,0.03,1,150.32,20.0
OBJ_032,59028.718893948666,17.900555394610908,0.03,2,150.32,20.0
OBJ_032,59033.439757712214,17.821818661596712,0.03,1,150.32,20.0
OBJ_032,59033.51916181067,17.869861541578157,0.03,1,150.32,20.0
OBJ_032,59037.29588421958,17.81438063313657,0.03,2,150.32,20.0
OBJ_032,59037.30419943637,17.84979779852313,0.03,1,150.32,20.0
OBJ_032,59037.40450247386,17.801585662195503,0.03,2,150.32,20.0
OBJ_032,59039.92665383364,17.875225008294695,0.03,2,150.32,20.0
OBJ_032,59040.48021854516,17.916417701351534,0.03,2,150.32,20.0
OBJ_032,59041.85179199907,17.833108831933497,0.03,1,150.32,20.0
OBJ_032,59043.84899779948,17.846241683085086,0.03,2,150.32,20.0
OBJ_032,59045.314343810656,17.881340890000352,0.03,1,150.32,20.0
OBJ_032,59045.88601975075,17.77663258794729,0.03,1,150.32,20.0
OBJ_032,59046.28058612267,17.871890126417803,0.03,2,150.32,20.0
OBJ_032,59047.35911185438,17.84199275162545,0.03,1,150.32,20.0
OBJ_032,59047.896473698645,17.867121213230014,0.03,2,150.32,20.0
OBJ_032,59052.6404620141,17.729047874776352,0.03,2,150.32,20.0
OBJ_032,59052.89787499251,17.811883888684644,0.03,2,150.32,20.0
OBJ_032,59055.11975751144,17.84893916203244,0.03,1,150.32,20.0
OBJ_032,59058.30580565238,17.903564285163633,0.03,2,150.32,20.0
OBJ_032,59058.74012000404,17.799265950013236,0.03,1,150.32,20.0
OBJ_032,59059.22670103085,17.798481580164776,0.03,2,150.32,20.0
OBJ_032,59061.51562842273,17.84947393556968,0.03,2,150.32,20.0
OBJ_032,59066.540249803715,17.83945515581537,0.03,1,150.32,20.0
OBJ_032,59068.25702130046,17.87725293629067,0.03,2,150.32,20.0
OBJ_032,59070.16825800332,17.82670382185922,0.03,1,150.32,20.0
OBJ_032,59072.27054813272,17.86824612858157,0.03,2,150.32,20.0
OBJ_032,59073.2143547324,17.813743803017584,0.03,2,150.32,20.0
OBJ_032,59073.648251465755,17.867678937081457,0.03,1,150.32,20.0
OBJ_032,59073.840727687966,17.909986219676433,0.03,2,150.32,20.0
OBJ_032,59079.33838806501,17.83548861001453,0.03,2,150.32,20.0
OBJ_032,59079.51297960725,17.84015660873433,0.03,2,150.32,20.0
OBJ_032,59079.529524890335,17.935006590665623,0.03,1,150.32,20.0
OBJ_032,59080.06031973658,17.82224268395479,0.03,2,150.32,20.0
OBJ_032,59083.761912862705,17.81129686294163,0.03,1,150.32,20.0
OBJ_032,59085.42786298541,17.784055685510282,0.03,1,150.32,20.0
OBJ_032,59086.87915699904,17.822227868818082,0.03,1,150.32,20.0
OBJ_032,59087.945237859036,17.858664040407017,0.03,2,150.32,20.0
OBJ_032,59088.370450272414,17.841342764849728,0.03,2,150.32,20.0
OBJ_032,59089.78821102816,17.97320394061448,0.03,1,150.32,20.0
OBJ_033,59001.21888289094,16.7544961546882,0.03,1,150.33,20.0
OBJ_033,59001.44460053186,16.839989212488852,0.03,2,150.33,20.0
OBJ_033,59002.775927800016,16.939424091236482,0.03,2,150.33,20.0
OBJ_033,59004.183476079095,16.866236637947,0.03,1,150.33,20.0
OBJ_033,59004.93693156275,16.814166680461366,0.03,2,150.33,20.0
OBJ_033,59007.458103081655,16.872829858507412,0.03,1,150.33,20.0
OBJ_033,59007.74919350628,16.881829097891405,0.03,1,150.33,20.0
OBJ_033,59008.408308112186,16.873861978140468,0.03,1,150.33,20.0
OBJ_033,59013.448821594,16.903412063896113,0.03,1,150.33,20.0
OBJ_033,59014.30631614822,16.799155129610824,0.03,1,150.33,20.0
OBJ_033,59015.08262535822,16.89980003154076,0.03,2,150.33,20.0
OBJ_033,59015.18945529563,16.789963786934916,0.03,1,150.33,20.0
OBJ_033,59020.629422234655,16.857207832250694,0.03,2,150.33,20.0
OBJ_033,59025.19970999098,16.76920393017289,0.03,2,150.33,20.0
OBJ_033,59025.33981904386,16.861712356410873,0.03,1,150.33,20.0
OBJ_033,59030.68069439302,16.76287168509209,0.03,1,150.33,20.0
OBJ_033,59031.15559032813,16.858425534438975,0.03,1,150.33,20.0
OBJ_033,59032.37811342473,16.99191782388192,0.03,1,150.33,20.0
OBJ_033,59033.634558077494,16.76039067405692,0.03,2,150.33,20.0
OBJ_033,59034.23394465874,16.85435130183447,0.03,2,150.33,20.0
OBJ_033,59036.10355888054,16.85919981267016,0.03,1,150.33,20.0
OBJ_033,59036.32747510523,16.846716264150523,0.03,2,150.33,20.0
OBJ_033,59037.85930538818,16.87925425775513,0.03,2,150.33,20.0
OBJ_033,59041.142458626164,16.77914533549094,0.03,1,150.33,20.0
OBJ_033,59041.28093121867,16.92938278509847,0.03,2,150.33,20.0
OBJ_033,59044.0372278176,16.87417968398429,0.03,1,150.33,20.0
OBJ_033,59044.80756764762,16.88353828384063,0.03,1,150.33,20.0
OBJ_033,59046.49440041411,16.84525549155701,0.03,1,150.33,20.0
OBJ_033,59048.77130461443,16.89052959141764,0.03,2,150.33,20.0
OBJ_033,59049.8502142329,16.78086499673153,0.03,2,150.33,20.0
OBJ_033,59051.60039732814,16.894723787907324,0.03,2,150.33,20.0
OBJ_033,59051.62713909678,16.818791486623855,0.03,1,150.33,20.0
OBJ_033,59055.32687518784,16.866874317405635,0.03,2,150.33,20.0
OBJ_033,59055.4776914873,16.885046679559295,0.03,1,150.33,20.0
OBJ_033,59056.17757611031,16.885043212073366,0.03,1,150.33,20.0
OBJ_033,59056.756460464945,16.892810655143958,0.03,2,150.33,20.0
OBJ_033,59058.878036568785,16.870894486416432,0.03,2,150.33,20.0
OBJ_033,59059.81098581781,16.782461665938815,0.03,1,150.33,20.0
OBJ_033,59060.53799702927,16.902891632013105,0.03,2,150.33,20.0
OBJ_033,59062.71794913053,16.865142884737207,0.03,1,150.33,20.0
OBJ_033,59062.82905274267,16.8635655979653,0.03,2,150.33,20.0
OBJ_033,59063.869762611685,16.779841686904177,0.03,2,150.33,20.0
OBJ_033,59064.143934237894,16.8474528067573,0.03,1,150.33,20.0
OBJ_033,59067.09649137346,16.873531826610378,0.03,1,150.33,20.0
OBJ_033,59067.2393436398,16.870971835938832,0.03,2,150.33,20.0
OBJ_033,59068.12630815695,16.857986050711485,0.03,1,150.33,20.0
OBJ_033,59068.656226654726,16.905246972310255,0.03,1,150.33,20.0
OBJ_033,59069.57966836497,16.79653437879403,0.03,1,150.33,20.0
OBJ_033,59070.38970294508,16.7841557653213,0.03,2,150.33,20.0
OBJ_033,59070.53643458052,16.753123893951813,0.03,1,150.33,20.0
OBJ_033,59070.81273905263,16.861657895437965,0.03,1,150.33,20.0
OBJ_033,59074.50590282653,16.87548556553266,0.03,2,150.33,20.0
OBJ_033,59075.50016136701,16.85890284554517,0.03,2,150.33,20.0
OBJ_033,59077.85788341934,16.856062761362082,0.03,2,150.33,20.0
OBJ_033,59078.35898220385,16.74690052930827,0.03,2,150.33,20.0
OBJ_033,59079.51222953384,16.872840368150197,0.03,2,150.33,20.0
OBJ_033,59081.934139396406,16.833426516752482,0.03,1,150.33,20.0
OBJ_033,59082.98322979634,16.935991991894447,0.03,2,150.33,20.0
OBJ_033,59083.017402222795,16.786769256288597,0.03,2,150.33,20.0
OBJ_033,59087.63423215816,16.793889726716323,0.03,2,150.33,20.0
OBJ_034,59005.26166433704,17.809691258382166,0.03,1,150.34,20.0
OBJ_034,59006.41737044343,17.805460826126605,0.03,1,150.34,20.0
OBJ_034,59006.67455657495,17.795243179563325,0.03,1,150.34,20.0
OBJ_034,59006.960265073736,17.886556758362588,0.03,2,150.34,20.0
OBJ_034,59007.602976934504,17.80645923459934,0.03,2,150.34,20.0
OBJ_034,59007.83285875792,17.831010715956165,0.03,2,150.34,20.0
OBJ_034,59008.64257663254,17.861695169863445,0.03,1,150.34,20.0
OBJ_034,59009.24665167281,17.84777151185955,0.03,2,150.34,20.0
OBJ_034,59010.50249868099,17.8650862174365,0.03,2,150.34,20.0
OBJ_034,59011.83817711721,17.896595195762085,0.03,2,150.34,20.0
OBJ_034,59012.524832689225,17.88585812417731,0.03,2,150.34,20.0
OBJ_034,59016.126654193744,17.806313870836703,0.03,2,150.34,20.0
OBJ_034,59018.710844134315,17.860845231268964,0.03,1,150.34,20.0
OBJ_034,59024.17317169678,17.78722414492255,0.03,2,150.34,20.0
OBJ_034,59026.06651473847,17.846534742620392,0.03,2,150.34,20.0
OBJ_034,59026.31039158046,17.8831063647123,0.03,1,150.34,20.0
OBJ_034,59027.794427760746,17.843905661297196,0.03,1,150.34,20.0
OBJ_034,59028.159306088586,17.88340516091645,0.03,1,150.34,20.0
OBJ_034,59028.79374412317,17.931414657866284,0.03,1,150.34,20.0
OBJ_034,59029.94006682297,17.931716102138118,0.03,2,150.34,20.0
OBJ_034,59032.98507271527,17.751685192488676,0.03,2,150.34,20.0
OBJ_034,59034.3310917676,17.827281065025268,0.03,2,150.34,20.0
OBJ_034,59037.47696665008,17.855127522322146,0.03,2,150.34,20.0
OBJ_034,59040.18012632924,17.914635218816713,0.03,1,150.34,20.0
OBJ_034,59040.22869766598,17.842072737829273,0.03,2,150.34,20.0
OBJ_034,59042.37089686506,17.948201672470415,0.03,1,150.34,20.0
OBJ_034,59042.44812812124,17.892135027261347,0.03,2,150.34,20.0
OBJ_034,59042.634466302676,17.817195039768592,0.03,1,150.34,20.0
OBJ_034,59043.4714023631,17.81772987516726,0.03,1,150.34,20.0
OBJ_034,59044.4859216155,17.82284957625499,0.03,1,150.34,20.0
OBJ_034,59044.48972504349,17.778904070692366,0.03,1,150.34,20.0
OBJ_034,59048.649861433776,17.84767767449726,0.03,2,150.34,20.0
OBJ_034,59048.92405320832,17.931431957095707,0.03,2,150.34,20.0
OBJ_034,59050.90119538549,17.882599355135515,0.03,2,150.34,20.0
OBJ_034,59051.37840527689,17.922052665421496,0.03,2,150.34,20.0
OBJ_034,59053.27954206528,17.831002630702642,0.03,1,150.34,20.0
OBJ_034,59053.88990963391,17.820186293969208,0.03,2,150.34,20.0
OBJ_034,59055.96358474328,17.840723661143038,0.03,1,150.34,20.0
OBJ_034,59059.76033209413,17.816238663532484,0.03,2,150.34,20.0
OBJ_034,59061.163059295875,17.959769166627463,0.03,2,150.34,20.0
OBJ_034,59061.83095069523,17.84736424989472,0.03,2,150.34,20.0
OBJ_034,59062.27468336327,17.91237001196389,0.03,1,150.34,20.0
OBJ_034,59066.83832238973,17.87765179181329,0.03,1,150.34,20.0
OBJ_034,59066.87836505545,17.833433678927296,0.03,1,150.34,20.0
OBJ_034,59068.61909718717,17.912360973524844,0.03,2,150.34,20.0
OBJ_034,59069.71988758727,17.890225339338684,0.03,1,150.34,20.0
OBJ_034,59071.40972882885,17.88053791102411,0.03,1,150.34,20.0
OBJ_034,59072.822849435695,17.860771862989246,0.03,2,150.34,20.0
OBJ_034,59073.61837106878,17.87533415640735,0.03,2,150.34,20.0
OBJ_034,59073.77954580472,17.889757992468407,0.03,2,150.34,20.0
OBJ_034,59077.051922446575,17.948217724091354,0.03,2,150.34,20.0
OBJ_034,59077.309061225744,17.84773716208776,0.03,1,150.34,20.0
OBJ_034,59079.80453468961,17.839036842060413,0.03,1,150.34,20.0
OBJ_034,59080.1934284919,17.804291760239522,0.03,2,150.34,20.0
OBJ_034,59082.786112934584,17.855625628560226,0.03,1,150.34,20.0
OBJ_034,59088.13353840732,17.879418986713336,0.03,2,150.34,20.0
OBJ_034,59088.318543120564,17.951644104308144,0.03,1,150.34,20.0
OBJ_034,59088.77134684286,17.806831768083043,0.03,2,150.34,20.0
OBJ_034,59089.41112111287,17.75750001526349,0.03,2,150.34,20.0
OBJ_034,59089.72230071548,17.83449016666307,0.03,1,150.34,20.0
OBJ_035,59001.790948618785,17.101819635967036,0.03,1,150.35,20.0
OBJ_035,59005.18386332295,17.113860415655513,0.03,2,150.35,20.0
OBJ_035,59007.18622104109,17.199382671854256,0.03,1,150.35,20.0
OBJ_035,59007.234667650155,17.169200290550226,0.03,1,150.35,20.0
OBJ_035,59008.876217213154,17.1235179567669,0.03,1,150.35,20.0
OBJ_035,59010.27404556809,17.14462932025147,0.03,2,150.35,20.0
OBJ_035,59011.97978203866,17.086812122777566,0.03,2,150.35,20.0
OBJ_035,59012.853160896404,17.078064267783052,0.03,2,150.35,20.0
OBJ_035,59013.63211850945,17.1740947087172,0.03,1,150.35,20.0
OBJ_035,59013.98256072652,17.204053941961007,0.03,1,150.35,20.0
OBJ_035,59014.09814847836,17.166504374477675,0.03,1,150.35,20.0
OBJ_035,59018.37195348201,17.093984237622266,0.03,1,150.35,20.0
OBJ_035,59019.13597942963,17.14020643515524,0.03,2,150.35,20.0
OBJ_035,59019.63442361075,17.141732384279095,0.03,2,150.35,20.0
OBJ_035,59020.92894139934,17.14347264069704,0.03,1,150.35,20.0
OBJ_035,59021.71121229232,17.07990930185308,0.03,1,150.35,20.0
OBJ_035,59024.1567506661,17.169729665876737,0.03,2,150.35,20.0
OBJ_035,59025.938656461076,17.136610532963683,0.03,1,150.35,20.0
OBJ_035,59026.71902177486,17.090383544056223,0.03,2,150.35,20.0
OBJ_035,59027.203095086144,17.053949438695277,0.03,2,150.35,20.0
OBJ_035,59027.6628021199,17.085578746982325,0.03,1,150.35,20.0
OBJ_035,59030.01709625005,17.107293727766827,0.03,2,150.35,20.0
OBJ_035,59030.469326129285,17.157885284528984,0.03,2,150.35,20.0
OBJ_035,59036.53318895883,17.185127205435137,0.03,2,150.35,20.0
OBJ_035,59038.16341162589,17.068500822436533,0.03,2,150.35,20.0
OBJ_035,59039.472139183934,17.179870241316078,0.03,2,150.35,20.0
OBJ_035,59045.74545373123,17.186224336459134,0.03,1,150.35,20.0
OBJ_035,59046.44001914473,17.10857839428515,0.03,2,150.35,20.0
OBJ_035,59048.5775039225,17.10808838894001,0.03,1,150.35,20.0
OBJ_035,59050.785793938245,17.23961457025095,0.03,1,150.35,20.0
OBJ_035,59051.79978408161,17.134480859637293,0.03,1,150.35,20.0
OBJ_035,59054.29878365504,17.176370543224223,0.03,2,150.35,20.0
OBJ_035,59054.959646808595,17.128873246472367,0.03,2,150.35,20.0
OBJ_035,59056.24779048287,17.131759988250337,0.03,2,150.35,20.0
OBJ_035,59058.185506162896,17.072368124195492,0.03,2,150.35,20.0
OBJ_035,59058.35893385977,17.13528967666856,0.03,1,150.35,20.0
OBJ_035,59058.80707466567,17.087456616627815,0.03,1,150.35,20.0
OBJ_035,59060.431297063464,17.09849079013845,0.03,2,150.35,20.0
OBJ_035,59061.327379804374,17.170811424961325,0.03,2,150.35,20.0
OBJ_035,59068.641579266594,17.118866576417606,0.03,1,150.35,20.0
OBJ_035,59069.57818186101,17.254399495858646,0.03,2,150.35,20.0
OBJ_035,59070.08721364613,17.13335283242062,0.03,1,150.35,20.0
OBJ_035,59070.56348377389,17.18700206000355,0.03,1,150.35,20.0
OBJ_035,59072.66345477831,17.16498647661867,0.03,1,150.35,20.0
OBJ_035,59073.18540386631,17.073372319807305,0.03,2,150.35,20.0
OBJ_035,59074.28919896341,17.034126246362895,0.03,2,150.35,20.0
OBJ_035,59074.2928209284,17.06245476013186,0.03,2,150.35,20.0
OBJ_035,59074.82000389292,17.136474037968725,0.03,1,150.35,20.0
OBJ_035,59075.196836858835,17.200224359638835,0.03,1,150.35,20.0
OBJ_035,59075.497292001375,17.11407969309886,0.03,1,150.35,20.0
OBJ_035,59076.441766510965,17.154196495609476,0.03,1,150.35,20.0
OBJ_035,59078.73256684103,17.15483713038572,0.03,1,150.35,20.0
OBJ_035,59079.28851524841,17.278847835171195,0.03,1,150.35,20.0
OBJ_035,59080.01124139504,17.118966396418216,0.03,1,150.35,20.0
OBJ_035,59081.29313905972,17.120375186270593,0.03,1,150.35,20.0
OBJ_035,59081.528280238505,17.143526762230493,0.03,1,150.35,20.0
OBJ_035,59082.29257825492,17.152992255333555,0.03,1,150.35,20.0
OBJ_035,59084.34142912317,17.031045758857648,0.03,2,150.35,20.0
OBJ_035,59086.59974039437,17.14541374542131,0.03,2,150.35,20.0
OBJ_035,59087.61522010319,17.11625045347846,0.03,2,150.35,20.0
OBJ_036,59000.28876665687,16.122814768682577,0.03,1,150.36,20.0
OBJ_036,59000.354588304916,16.096968461487922,0.03,2,150.36,20.0
OBJ_036,59001.55143686318,16.15618321182206,0.03,2,150.36,20.0
OBJ_036,59001.81184634368,16.116836603642145,0.03,1,150.36,20.0
OBJ_036,59002.150289843885,16.16230016802467,0.03,2,150.36,20.0
OBJ_036,59003.86872936973,16.10579970819908,0.03,1,150.36,20.0
OBJ_036,59004.766708877,16.15836654622729,0.03,1,150.36,20.0
OBJ_036,59007.93421598154,16.13967296121263,0.03,2,150.36,20.0
OBJ_036,59009.64563328575,16.127388597722923,0.03,1,150.36,20.0
OBJ_036,59011.09813323283,16.079337185041542,0.03,1,150.36,20.0
OBJ_036,59011.59714913545,16.20040898377204,0.03,2,150.36,20.0
OBJ_036,59011.64396842221,16.116684403526683,0.03,2,150.36,20.0
OBJ_036,59012.676285361435,16.07387138312376,0.03,1,150.36,20.0
OBJ_036,59015.16199483066,16.20229190145669,0.03,2,150.36,20.0
OBJ_036,59016.625164935074,16.093095834210086,0.03,2,150.36,20.0
OBJ_036,59020.024667059966,16.090865914903933,0.03,1,150.36,20.0
OBJ_036,59020.17952635967,16.14345629011893,0.03,1,150.36,20.0
OBJ_036,59020.77622817889,16.063746514208,0.03,2,150.36,20.0
OBJ_036,59024.82981035746,16.102174311457162,0.03,2,150.36,20.0
OBJ_036,59025.42712081728,16.04535437532903,0.03,2,150.36,20.0
OBJ_036,59025.76394978963,16.04042405945028,0.03,2,150.36,20.0
OBJ_036,59026.54851886967,16.134760866005095,0.03,2,150.36,20.0
OBJ_036,59027.639166361885,16.124852268886656,0.03,1,150.36,20.0
OBJ_036,59029.56306245894,16.198084882562096,0.03,1,150.36,20.0
OBJ_036,59029.64891560357,16.225597961018092,0.03,1,150.36,20.0
OBJ_036,59029.853963909525,16.149046220468918,0.03,2,150.36,20.0
OBJ_036,59031.21265112293,16.155964824684318,0.03,1,150.36,20.0
OBJ_036,59031.7055811439,16.075963241561805,0.03,2,150.36,20.0
OBJ_036,59034.65984879365,16.1126455372705,0.03,2,150.36,20.0
OBJ_036,59040.54550867054,16.140302911968767,0.03,2,150.36,20.0
OBJ_036,59041.305685058964,16.18450206782747,0.03,1,150.36,20.0
OBJ_036,59043.70960219361,16.1659141539064,0.03,2,150.36,20.0
OBJ_036,59045.587043758394,16.126933746668925,0.03,1,150.36,20.0
OBJ_036,59045.85905094354,16.12602595806081,0.03,2,150.36,20.0
OBJ_036,59046.72056460078,16.094418314529968,0.03,1,150.36,20.0
OBJ_036,59048.92801919875,16.06481845747228,0.03,2,150.36,20.0
OBJ_036,59056.940243682366,16.090031579764133,0.03,1,150.36,20.0
OBJ_036,59058.24611706284,16.13208887920596,0.03,2,150.36,20.0
OBJ_036,59060.120246883664,16.146455078064903,0.03,2,150.36,20.0
OBJ_036,59062.22323768505,16.124407024098094,0.03,2,150.36,20.0
OBJ_036,59064.723691335064,16.149825733267644,0.03,1,150.36,20.0
OBJ_036,59065.10473173683,16.225780338776758,0.03,2,150.36,20.0
OBJ_036,59067.03933236901,16.146162601946404,0.03,1,150.36,20.0
OBJ_036,59068.587858761,16.12004825957371,0.03,1,150.36,20.0
OBJ_036,59068.610391310576,16.12981479775996,0.03,2,150.36,20.0
OBJ_036,59069.15921149803,16.034603359521853,0.03,1,150.36,20.0
OBJ_036,59070.25238519461,16.163219161850613,0.03,2,150.36,20.0
OBJ_036,59070.45316627513,16.146853359485846,0.03,1,150.36,20.0
OBJ_036,59072.89266624385,16.14758607198995,0.03,1,150.36,20.0
OBJ_036,59073.25712732078,16.090888996344486,0.03,1,150.36,20.0
OBJ_036,59074.28018858405,16.094986032620554,0.03,2,150.36,20.0
OBJ_036,59076.758303137,16.06482901909498,0.03,1,150.36,20.0
OBJ_036,59079.553303245906,16.13747445141399,0.03,2,150.36,20.0
OBJ_036,59080.025140553946,16.277481922939607,0.03,1,150.36,20.0
OBJ_036,59081.64828636264,16.1576621413126,0.03,2,150.36,20.0
OBJ_036,59084.96863303477,16.23744170723662,0.03,1,150.36,20.0
OBJ_036,59084.97612869941,16.095155508816912,0.03,2,150.36,20.0
OBJ_036,59088.739431865615,16.142880431489132,0.03,2,150.36,20.0
OBJ_036,59089.1395868556,16.186612180323092,0.03,1,150.36,20.0
OBJ_036,59089.40633355636,16.19573188719837,0.03,2,150.36,20.0
OBJ_037,59000.61412248421,16.145602184319547,0.03,2,150.37,20.0
OBJ_037,59001.17214048548,16.135313544924355,0.03,2,150.37,20.0
OBJ_037,59002.39478855437,16.152023112210546,0.03,1,150.37,20.0
OBJ_037,59002.5969941889,16.13112230165125,0.03,2,150.37,20.0
OBJ_037,59002.69454223178,16.077259939106035,0.03,2,150.37,20.0
OBJ_037,59002.7876964336,16.067475349265468,0.03,1,150.37,20.0
OBJ_037,59003.03734328356,16.063890191707728,0.03,1,150.37,20.0
OBJ_037,59004.402072395984,16.031561725624826,0.03,1,150.37,20.0
OBJ_037,59004.674945430335,16.140284572184097,0.03,2,150.37,20.0
OBJ_037,59006.87165624917,16.129810260531496,0.03,2,150.37,20.0
OBJ_037,59008.7986352249,16.1061349419945,0.03,1,150.37,20.0
OBJ_037,59012.325687691366,16.069414033916257,0.03,1,150.37,20.0
OBJ_037,59017.5276705114,16.0501865158739,0.03,1,150.37,20.0
OBJ_037,59018.9129180937,16.06943825713006,0.03,2,150.37,20.0
OBJ_037,59020.51613744746,16.078654953129174,0.03,2,150.37,20.0
OBJ_037,59020.773737581,16.11551789227027,0.03,1,150.37,20.0
OBJ_037,59024.80461749944,16.121985017319425,0.03,1,150.37,20.0
OBJ_037,59026.194402561974,16.011259877917922,0.03,1,150.37,20.0
OBJ_037,59027.31111968822,16.09409220978218,0.03,2,150.37,20.0
OBJ_037,59027.95073208095,16.097503610219704,0.03,2,150.37,20.0
OBJ_037,59028.238755224564,16.105075298250547,0.03,1,150.37,20.0
OBJ_037,59029.910199910904,16.037022848533628,0.03,2,150.37,20.0
OBJ_037,59033.970321267945,16.101802951977692,0.03,1,150.37,20.0
OBJ_037,59035.823483449814,16.073513295536056,0.03,2,150.37,20.0
OBJ_037,59035.95442146628,16.115202259284267,0.03,1,150.37,20.0
OBJ_037,59037.782401919874,16.107758331695933,0.03,1,150.37,20.0
OBJ_037,59038.36769618452,16.12442629634337,0.03,2,150.37,20.0
OBJ_037,59038.429126115065,16.16405540773677,0.03,1,150.37,20.0
OBJ_037,59042.056509276954,16.113786786058863,0.03,2,150.37,20.0
OBJ_037,59044.202347204664,16.118519894522706,0.03,1,150.37,20.0
OBJ_037,59044.45028276072,16.136670047849375,0.03,2,150.37,20.0
OBJ_037,59044.59272291152,16.04843508336384,0.03,2,150.37,20.0
OBJ_037,59045.16347183574,16.064631916794696,0.03,2,150.37,20.0
OBJ_037,59045.965570115564,16.08834072135863,0.03,1,150.37,20.0
OBJ_037,59046.67009467702,16.073649036248288,0.03,1,150.37,20.0
OBJ_037,59051.95339166589,16.170290518037415,0.03,1,150.37,20.0
OBJ_037,59052.57049189366,16.09227403179238,0.03,2,150.37,20.0
OBJ_037,59053.09479375774,16.028701352874513,0.03,1,150.37,20.0
OBJ_037,59053.163751487875,16.00710066546457,0.03,2,150.37,20.0
OBJ_037,59053.732779236496,16.22275410956693,0.03,1,150.37,20.0
OBJ_037,59054.37101491858,16.089226231376767,0.03,2,150.37,20.0
OBJ_037,59054.5783898655,16.1399015509555,0.03,2,150.37,20.0
OBJ_037,59057.08800338587,16.123110960717504,0.03,1,150.37,20.0
OBJ_037,59058.043325784354,16.178477014192435,0.03,1,150.37,20.0
OBJ_037,59059.41591851407,16.0870591419831,0.03,2,150.37,20.0
OBJ_037,59059.733038207865,15.97087252931816,0.03,1,150.37,20.0
OBJ_037,59060.016754246,16.027114760029868,0.03,1,150.37,20.0
OBJ_037,59062.90332460806,16.07930856481618,0.03,2,150.37,20.0
OBJ_037,59063.07954474551,16.06069968407171,0.03,2,150.37,20.0
OBJ_037,59063.73195641023,16.120778987878516,0.03,1,150.37,20.0
OBJ_037,59065.52047835894,16.06580252726593,0.03,2,150.37,20.0
OBJ_037,59066.24024487641,16.18410853218806,0.03,1,150.37,20.0
OBJ_037,59074.115418662965,16.05847374629775,0.03,1,150.37,20.0
OBJ_037,59074.24467960183,16.110189965887844,0.03,1,150.37,20.0
OBJ_037,59075.20250207975,16.014387517832873,0.03,2,150.37,20.0
OBJ_037,59075.87858780957,16.139891415154644,0.03,1,150.37,20.0
OBJ_037,59080.33457385614,16.010552368470243,0.03,2,150.37,20.0
OBJ_037,59083.41037761896,16.095206937113453,0.03,2,150.37,20.0
OBJ_037,59084.81281453296,16.08147557103736,0.03,1,150.37,20.0
OBJ_037,59088.08845564649,16.0254814123667,0.03,1,150.37,20.0
OBJ_038,59000.20061067526,18.438213158380346,0.03,2,150.38,20.0
OBJ_038,59000.35664904783,18.50235799811797,0.03,2,150.38,20.0
OBJ_038,59004.953735932744,18.306046477298292,0.03,2,150.38,20.0
OBJ_038,59005.07895234456,18.4518842437935,0.03,2,150.38,20.0
OBJ_038,59007.018571220695,18.337998689206596,0.03,2,150.38,20.0
OBJ_038,59008.57034195132,18.433451831588567,0.03,1,150.38,20.0
OBJ_038,59012.21479872285,18.413703618390493,0.03,2,150.38,20.0
OBJ_038,59014.11396232832,18.335430275248978,0.03,1,150.38,20.0
OBJ_038,59014.32949335925,18.450027282544365,0.03,1,150.38,20.0
OBJ_038,59014.365667390426,18.473401041428634,0.03,2,150.38,20.0
OBJ_038,59014.63653950831,18.43042323582088,0.03,2,150.38,20.0
OBJ_038,59020.46176600164,18.425747404050647,0.03,1,150.38,20.0
OBJ_038,59021.72930661274,18.425049773302426,0.03,2,150.38,20.0
OBJ_038,59021.73869407295,18.350069790799438,0.03,1,150.38,20.0
OBJ_038,59026.060804855224,18.414047665490113,0.03,1,150.38,20.0
OBJ_038,59027.54761839822,18.452270101189132,0.03,1,150.38,20.0
OBJ_038,59027.63027179493,18.43193152510439,0.03,2,150.38,20.0
OBJ_038,59029.12469123359,18.49487550956767,0.03,1,150.38,20.0
OBJ_038,59029.38108069663,18.426553619090214,0.03,1,150.38,20.0
OBJ_038,59030.4131160806,18.371560537039592,0.03,2,150.38,20.0
OBJ_038,59031.86595685739,18.437469900049734,0.03,1,150.38,20.0
OBJ_038,59032.15472577926,18.449434664733882,0.03,2,150.38,20.0
OBJ_038,59032.495086667695,18.39339271304551,0.03,1,150.38,20.0
OBJ_038,59034.54138648846,18.446885063840853,0.03,1,150.38,20.0
OBJ_038,59035.8837365377,18.457792587372058,0.03,1,150.38,20.0
OBJ_038,59036.1383886444,18.387572270651035,0.03,1,150.38,20.0
OBJ_038,59038.72831836132,18.45718448320661,0.03,2,150.38,20.0
OBJ_038,59039.58019061113,18.467585869235513,0.03,2,150.38,20.0
OBJ_038,59042.7936923591,18.357523526130514,0.03,1,150.38,20.0
OBJ_038,59042.855194485855,18.415454647650705,0.03,2,150.38,20.0
OBJ_038,59042.95247878213,18.455555742542632,0.03,2,150.38,20.0
OBJ_038,59043.20415343837,18.42183799074395,0.03,2,150.38,20.0
OBJ_038,59044.009828531496,18.45607792619855,0.03,2,150.38,20.0
OBJ_038,59044.05795800105,18.394402095447372,0.03,2,150.38,20.0
OBJ_038,59046.87631530762,18.354491813464513,0.03,1,150.38,20.0
OBJ_038,59047.46966578528,18.423222320163827,0.03,2,150.38,20.0
OBJ_038,59048.96704541897,18.31824532925251,0.03,2,150.38,20.0
OBJ_038,59052.249172514385,18.430599707146857,0.03,1,150.38,20.0
OBJ_038,59053.14962773272,18.491532067114196,0.03,1,150.38,20.0
OBJ_038,59053.232130622586,18.436228510067696,0.03,2,150.38,20.0
OBJ_038,59054.50907124237,18.396153500236448,0.03,1,150.38,20.0
OBJ_038,59054.75505068193,18.386152353704272,0.03,2,150.38,20.0
OBJ_038,59056.39132387419,18.415080336873764,0.03,1,150.38,20.0
OBJ_038,59057.403014725445,18.52016702848206,0.03,1,150.38,20.0
OBJ_038,59062.65419113201,18.45628254452775,0.03,2,150.38,20.0
OBJ_038,59064.64506412099,18.41120006224746,0.03,2,150.38,20.0
OBJ_038,59064.7862778836,18.39897862870682,0.03,1,150.38,20.0
OBJ_038,59066.290100844395,18.42703544862412,0.03,2,150.38,20.0
OBJ_038,59068.00912383383,18.50946183443132,0.03,2,150.38,20.0
OBJ_038,59069.45597542235,18.3663139274264,0.03,2,150.38,20.0
OBJ_038,59072.10822512446,18.382275147957706,0.03,1,150.38,20.0
OBJ_038,59073.30634159435,18.390250192930775,0.03,2,150.38,20.0
OBJ_038,59074.77646954662,18.413716304205703,0.03,2,150.38,20.0
OBJ_038,59079.23804664682,18.433382768252617,0.03,1,150.38,20.0
OBJ_038,59079.77662073913,18.514118980050988,0.03,1,150.38,20.0
OBJ_038,59079.88478406745,18.451599595742234,0.03,2,150.38,20.0
OBJ_038,59083.169929555916,18.334629899148737,0.03,2,150.38,20.0
OBJ_038,59087.79002237199,18.34763240381531,0.03,1,150.38,20.0
OBJ_038,59088.14297561333,18.404619159463405,0.03,1,150.38,20.0
OBJ_038,59089.17278108262,18.41948679115924,0.03,1,150.38,20.0
OBJ_039,59002.13909817812,17.199740834753666,0.03,2,150.39,20.0
OBJ_039,59002.29854237712,17.128328319013708,0.03,1,150.39,20.0
OBJ_039,59002.80779756798,17.16356126344429,0.03,2,150.39,20.0
OBJ_039,59005.99671279507,17.097895193642053,0.03,1,150.39,20.0
OBJ_039,59007.8648244684,17.1720192176875,0.03,1,150.39,20.0
OBJ_039,59007.96141268891,17.06862767347924,0.03,1,150.39,20.0
OBJ_039,59009.23806147252,17.09473923317376,0.03,2,150.39,20.0
OBJ_039,59009.93454676924,17.095634962531047,0.03,1,150.39,20.0
OBJ_039,59010.07745404865,17.135407264604,0.03,2,150.39,20.0
OBJ_039,59010.24148516439,17.02907356159333,0.03,2,150.39,20.0
OBJ_039,59011.735617013954,17.141153935503038,0.03,2,150.39,20.0
OBJ_039,59011.95094479083,17.08018351625273,0.03,1,150.39,20.0
OBJ_039,59013.73639424087,17.06862026322051,0.03,1,150.39,20.0
OBJ_039,59015.26530125386,17.112028130636876,0.03,2,150.39,20.0
OBJ_039,59016.15730082605,16.999536129209336,0.03,1,150.39,20.0
OBJ_039,59021.635384471745,17.127401982661354,0.03,1,150.39,20.0
OBJ_039,59021.79730425647,17.055598602982823,0.03,2,150.39,20.0
OBJ_039,59022.66404203363,17.11809758903786,0.03,1,150.39,20.0
OBJ_039,59023.820476535955,17.1234374344147,0.03,2,150.39,20.0
OBJ_039,59025.74107136498,17.254453773325242,0.03,1,150.39,20.0
OBJ_039,59026.42842281213,16.96433702343434,0.03,1,150.39,20.0
OBJ_039,59028.18225189793,17.052192528301475,0.03,1,150.39,20.0
OBJ_039,59028.22773398869,17.195147083821265,0.03,1,150.39,20.0
OBJ_039,59029.85203756703,17.048660949032133,0.03,2,150.39,20.0
OBJ_039,59030.29430771091,17.08771320625126,0.03,1,150.39,20.0
OBJ_039,59031.53796637177,17.084428397096815,0.03,2,150.39,20.0
OBJ_039,59032.59934088938,17.06595029653134,0.03,2,150.39,20.0
OBJ_039,59033.564112745116,17.195639558767578,0.03,1,150.39,20.0
OBJ_039,59035.075019098105,17.09752826893989,0.03,1,150.39,20.0
OBJ_039,59035.646133403214,17.075653269366015,0.03,1,150.39,20.0
OBJ_039,59036.29883371427,17.1663176222198,0.03,2,150.39,20.0
OBJ_039,59038.089732422195,17.073499596324314,0.03,1,150.39,20.0
OBJ_039,59041.74455700177,17.091518996728787,0.03,1,150.39,20.0
OBJ_039,59042.36826414809,17.08786695352215,0.03,1,150.39,20.0
OBJ_039,59045.38756054327,17.18925286233027,0.03,1,150.39,20.0
OBJ_039,59058.474771496396,17.07537503748154,0.03,1,150.39,20.0
OBJ_039,59059.01805851707,17.031135391401406,0.03,1,150.39,20.0
OBJ_039,59060.78078414708,17.130370354227114,0.03,2,150.39,20.0
OBJ_039,59062.37304364253,17.047037544927846,0.03,1,150.39,20.0
OBJ_039,59063.23073409239,17.06305186669215,0.03,1,150.39,20.0
OBJ_039,59063.52573360268,17.11237172356087,0.03,1,150.39,20.0
OBJ_039,59064.81241859224,17.080329696820282,0.03,1,150.39,20.0
OBJ_039,59067.89712667227,17.034926631656237,0.03,1,150.39,20.0
OBJ_039,59069.78869160909,17.09627204397937,0.03,2,150.39,20.0
OBJ_039,59070.713085293115,17.040668165367432,0.03,1,150.39,20.0
OBJ_039,59072.87231135244,17.10405852596635,0.03,2,150.39,20.0
OBJ_039,59073.017011302065,17.03879807731942,0.03,2,150.39,20.0
OBJ_039,59073.26829575421,17.07905760599374,0.03,1,150.39,20.0
OBJ_039,59074.05351987466,17.18688944303087,0.03,1,150.39,20.0
OBJ_039,59074.45462601478,17.054347689071307,0.03,2,150.39,20.0
OBJ_039,59077.26749145878,17.09848058519463,0.03,1,150.39,20.0
OBJ_039,59078.28618384312,17.150338365614637,0.03,2,150.39,20.0
OBJ_039,59079.731150016436,17.152750797387434,0.03,1,150.39,20.0
OBJ_039,59080.162302404075,17.130161462655252,0.03,2,150.39,20.0
OBJ_039,59081.481352903866,17.095417109862005,0.03,2,150.39,20.0
OBJ_039,59081.832941672925,17.156042455141783,0.03,2,150.39,20.0
OBJ_039,59082.26883391071,17.077326756116154,0.03,2,150.39,20.0
OBJ_039,59083.32719324224,17.200507520076073,0.03,1,150.39,20.0
OBJ_039,59086.99694810874,17.108071003666478,0.03,1,150.39,20.0
OBJ_039,59088.65025260622,17.019266730528074,0.03,2,150.39,20.0
